,user_id,product_id,comment,amount
0,13855131,14848906,"Giao hรng nhanh, chแบฅt liแปu ฤแบนp, may cแบฉn thแบญn. Giรก trแป phรน hแปฃp vแปi giรก tiแปn.",1
1,14267676,14848906,"ฤแปc thแบฅy hay nรชn share lแบกi bรi viแบฟt sau:\nMรฌnh rแบฅt hay mua hรng online, vร thแปi gian gแบงn ฤรขy rแบฅt thฦฐแปng xuyรชn mua Tiki vรฌ Tiki khรก uy tรญn. Mรฌnh cลฉng รญt khi bรฌnh luแบญn nhฦฐng vแปซa rแปi gแบทp phแบฃi 1 sแป gian hรng lแปซa ฤแบฃo thฦฐฦกng hiแปu trรชn Tiki khiแบฟn mรฌnh rแบฅt bแปฉc xรบc nรชn viแบฟt bรi nรy.\nCรณ 1 sแป shop lแปซa ฤแบฃo nhฦฐ Phong Hรขn, copy hรฌnh แบฃnh vร nแปi dung tแปซ gian hรng khรกc nhฦฐ Goking, Everest, PL,โฆ nhฦฐng nhแบญn hรng khรดng phแบฃi Goking, Everest, PL mร lร thฦฐฦกng hiแปu khรกc hoแบทc ko cรณ nhรฃn hiแปu. Cฦก chแบฟ hiแปn thแป cแปงa Tiki rแบฅt dแป, cแปฉ shop nรo bรกn Goking lร lแบกi gom chung tแบฅt cแบฃ comment cแปงa tแบฅt cแบฃ mแปi shop vแป chung 1 chแป. Trong khi comment 1* ฤรณ lร cแปงa gian hรng Phong Hรขn, ko phแบฃi cแปงa GOKING. Vร ngฦฐแปฃc lแบกi cรกc comment 5* cแปงa shop Goking lแบกi nhแบฃy qua Phong Hรขn.\nVแบญy nรชn cรกc bแบกn phแบฃi hแบฟt sแปฉc cแบฉn thแบญn khi mua hรng trรชn Tiki, mua phแบฃi chแปn ฤรบng gian hรng cแปงa shop ""GOKING"", ko chแปn qua Phong Hรขn vร cรกc shop khรกc. Nhแบญn ฤฦฐแปฃc hรng phแบฃi kiแปm tra kแปน xem cรณ nhรฃn cแป hoแบทc thแบป bรi Goking khรดng nhรฉ (hรฌnh minh hแปa), hรng Goking thฦฐแปng bao bรฌ Nhแบญt Bแบฃn mรu xanh rแบฅt ฤแบนp.\nRแบฅt nhiแปu thฦฐฦกng hiแปu lแปn khรกc cลฉng ฤang bแป tรฌnh trแบกng โmulti-sourceโ trรชn, khiแบฟn ngฦฐแปi tiรชu dรนng mua nhแบงm phแบฃi hรng ฤแปu.\nBแบกn nรo thแบฅy bรi viแบฟt hแปฏu รญch thรฌ share cho mแปi ngฦฐแปi thรชm kiแบฟn thแปฉc nhรฉ.",1
2,1110677,14848906,"Tiki giao hรng nhanh hฦกn mรฌnh nghฤฉ, รกo cรณ ฤแป co giรฃn tแปt, vแป ฤฦฐแปng may thรฌ hแบงu nhฦฐ khรดng cรณ phแบงn chแป thแปซa. Cแบฃm thแบฅy hรi lรฒng khi chแปn lแปฑa Goking",1
3,5704458,14848906,"รo mแบทc thoรกng mรกt, thoแบฃi mรกi, ox kรชu mua thรชm cแบทp nแปฏa",1
4,1080859,14848906,"Trฦฐแปc giแป vแบซn ฤรกnh giรก cao chแบฅt lฦฐแปฃng phแปฅc vแปฅ vร ฤแป tin cแบญy vแป nguแปn hรng do Tiki cung cแบฅp. Vร, ฤแบทc biแปt lร lแบงn nรy, khi ฤรฃ cรณ 1 bแบกn cรนng chแป lรm vแปi mรฌnh ฤรฃ mua vร nhแบญn hรng chแบฅt lฦฐแปฃng rแบฅt แปn nรชn mรฌnh mแปi quyแบฟt ฤแปnh ฤแบทt 2 combo mua vแป cho ngฦฐแปi thรขn. ฤแบฟn lรบc nhแบญn hรng thรฌ mรฌnh quรก thแบฅt vแปng, nhฦฐ hรng gia cรดng luรดn, mรu cลฉng ko ฤรบng nแปฏa. Tแบกi sao Tiki cรณ thแป ฤแป trฦฐแปng hแปฃp hรng giแบฃ hรng nhรกi len lแปi vรo vแบญy?!!!",1
5,681995,14848906,Ok,1
6,14267390,14848906,"Mรฌnh share bรi nรy tแปซ mแปt chแบฟ mua hรng cho cรกc bแบกn tham khแบฃo nhรฉ, mua hรng phแบฃi tแปnh tรกo ฤแปซng ham rแบป.\nCแบขNH BรO LแปชA ฤแบขO TRรN TIKI: Mรฌnh rแบฅt hay mua hรng online, vร thแปi gian gแบงn ฤรขy rแบฅt thฦฐแปng xuyรชn mua Tiki vรฌ Tiki khรก uy tรญn. Mรฌnh cลฉng รญt khi bรฌnh luแบญn nhฦฐng vแปซa rแปi gแบทp phแบฃi 1 sแป gian hรng lแปซa ฤแบฃo thฦฐฦกng hiแปu trรชn Tiki khiแบฟn mรฌnh rแบฅt bแปฉc xรบc nรชn viแบฟt bรi nรy.\nCรณ 1 sแป shop lแปซa ฤแบฃo nhฦฐ Phong Hรขn, copy hรฌnh แบฃnh vร nแปi dung tแปซ gian hรng khรกc nhฦฐ Goking, Everest, PL,โฆ nhฦฐng nhแบญn hรng khรดng phแบฃi Goking, Everest, PL mร lร thฦฐฦกng hiแปu khรกc hoแบทc ko cรณ nhรฃn hiแปu. Cฦก chแบฟ hiแปn thแป cแปงa Tiki rแบฅt dแป, cแปฉ shop nรo bรกn Goking lร lแบกi gom chung tแบฅt cแบฃ comment cแปงa tแบฅt cแบฃ mแปi shop vแป chung 1 chแป. Trong khi comment 1* ฤรณ lร cแปงa gian hรng Phong Hรขn, ko phแบฃi cแปงa GOKING. Vร ngฦฐแปฃc lแบกi cรกc comment 5* cแปงa shop Goking lแบกi nhแบฃy qua Phong Hรขn.\nVแบญy nรชn cรกc bแบกn phแบฃi hแบฟt sแปฉc cแบฉn thแบญn khi mua hรng trรชn Tiki, mua phแบฃi chแปn ฤรบng gian hรng cแปงa shop ""GOKING"", ko chแปn qua Phong Hรขn vร cรกc shop khรกc. Nhแบญn ฤฦฐแปฃc hรng phแบฃi kiแปm tra kแปน xem cรณ nhรฃn cแป hoแบทc thแบป bรi Goking khรดng nhรฉ (hรฌnh minh hแปa), hรng Goking thฦฐแปng bao bรฌ Nhแบญt Bแบฃn mรu xanh rแบฅt ฤแบนp.\nRแบฅt nhiแปu thฦฐฦกng hiแปu lแปn khรกc cลฉng ฤang bแป tรฌnh trแบกng โmulti-sourceโ trรชn, khiแบฟn ngฦฐแปi tiรชu dรนng mua nhแบงm phแบฃi hรng ฤแปu.\nBแบกn nรo thแบฅy bรi viแบฟt hแปฏu รญch thรฌ share cho mแปi ngฦฐแปi thรชm kiแบฟn thแปฉc nhรฉ.",1
7,11996028,14848906,"Form รกo suรดng thรญch hแปฃp cho cแบฃ nam nแปฏ luรดn kiแปu giแปng giแปng Unisex รก, Mรฌnh mua 2 cรกi cho mรฌnh vแปi bแบกn gรกi luรดn. Vแบฃi cotton mแบทc sฦฐแปng cแปฑc kแปณ, ai quan tรขm tแปi chแบฅt vแบฃi thรฌ mแบกnh dแบกng mร mua cแปงa shop nรy",1
8,11959030,14848906,"mแบทc vแปซa, dung size, duong kim, mลฉi chแป ฤแบกt yรชu cแบงu.",1
9,23099250,14848906,good,1
10,11995948,14848906,"mรu cแปงa รกo rแบฅt ฤแบนp mรu nรy nhรฌn lแบก lแบก mแบฏt, รกo thun cแปงa shop mรฌnh mua cลฉng vรi lแบงn rแปi, giแบทt thแบฅy khรดng bแป xรน lรดng, bao bรฌ ฤรณng gรณi kแปน cรng",1
11,11995983,14848906,"chแบฅt vแบฃi tแปt, sแป mแปn, mร mรกt tay nแปฏa, shop cรณ thฦฐ cแบฃm  ฦกn vร catalogue ฤแป khรกch cรณ thแป tham khแบฃo sแบฃn phแบฉm khรกc, sแบฝ แปงng hแป shop tiแบฟp.",1
12,2046748,14848906,"sแบฃn phแบฉm ฤรบng mรด tแบฃ, mฤc mรกt thoรกt mแป hรดi tแปt, sแบฝ แปงng hแป lแบงn sau",1
13,26003777,14848906,oke,1
14,18048031,14848906,chแบฅt vแบฃi ฤแบนp ฤรณng gรณi cแบฉn thแบญn sau nรy sแบฝ mua hรng shop tiแบฟp,1
15,12179147,14848906,"รo chแบฅt lฦฐแปฃng, cotton thแบญt khรดng bแป pha, mแปi lแบงn mua lร phแบฃi 4-5 cรกi, thรnh khรกch trung thรnh cแปงa shop luรดn rแปi",1
16,19974816,14848906,"hรng kรฉm chแบฅt lฦฐฦกng, khรดng nhฦฐ giแปi thiแปu",1
17,15210274,14848906,"Hรng chรญnh hรฃng nรชn vแบฃi tแปt,side chuแบฉn.Shiper Tiki nhiแปt tรฌnh.vote 5 sao.",1
18,8703119,14848906,ฤc trong tแบงm giรก nรy. Dรนng thแปi gian nแปฏa nแบฟu ok thรฌ tiแบฟp tแปฅc แปงng hแป,1
19,1437089,14848906,"รo chแบฅt ฤแบนp, ฤฦฐแปng may chแบฏc chแบฏn, giรก thรnh tแปt, shop giao hรng nhanh, sแบฝ แปงng hแป tiแบฟp",1
20,8631055,14848906,Shop nรชn kiแปm tra lแบกi sแป ฤo. Mรฌnh mua size M mแบทc nรณ hฦกi to. Chแบฅt vแบฃi cลฉng oke,1
21,15563594,14848906,Sแบฃn phแบฉm ฤแบนp mแบทc thoแบฃi mรกi vแปซa vแปi giรก tiแปn,1
22,14997728,14848906,"รกo chแบฅt ฤแบนp,k cรณ chแป thแปซa",1
23,10143016,14848906,"Giao hรng nhanh, ฤรณng gรณi cแบฉn thแบญn, chแบฅt lฦฐแปฃng tแปt, ฤรกng mua trong tแบงm giรก",1
24,7127293,14848906,"saฬn phรขฬm chรขฬt liรชฬฃu tรดฬt, mรชฬm maฬt, ฤeฬฃp nhฦฐ hiฬnh",1
25,15114414,14848906,sแบฃn phแบฉm ฤรบng mรด tแบฃ\nsแบฝ แปงng hแป tiแบฟp,1
26,15728990,14848906,"cแปงng ฤฦฐแปฃc,vแบฃi mแปm ฤแบนp , hแปฃp lรฝ",1
27,11476311,14848906,"Rat k hai long, k giong nhu hinh, rat te, that vong tiki qua !",1
28,12292546,10776493,"Vแบฃi dแบงy mรกt, cรก nhรขn mh thรญch cแป รกo ko cรณ may tem mแบกt ฤแป phแบฃi cแบฏt bแป, vรฌ tem cแบก cรo da khรณ chแปu.",1
29,11804431,10776493,รo chแบฅt lฦฐแปฃng vแบฃi rแบฅt tแป ko nhฦฐ mong ฤแปฃi,1
30,16507844,10776493,"รo may rแบฅt cแบฉn thแบญn tแปซng ฤฦฐแปng kim, mลฉi chแป, mรกc รกo. Vแบฃi cotton mแปm mแบกi, mรu nhฦฐ hรฌnh. Chแป cรณ ฤiแปu รกo cho cแบฃ nam vร nแปฏ nรชn dรน chแปn size nhแป nhแบฅt mรฌnh mแบทc vแบซn hฦกi rแปng. Nรณi chung lร hรi lรฒng.",1
31,10293482,10776493,"Chแบฅt vแบฃi , kiแปu dรกng, mรu sแบฏc ฤแบนp nhฦฐng shop tฦฐ vแบฅn size S m7 52kg mแบทc ko vแปซa, chแบฏc size M mแปi vแปซa๐",1
32,12179820,10776493,"lแบงn ฤแบงu mua mร thแบฅy rแบฅt yรชn tรขm, รกo cรณ giแบฅy chแปฉng nhแบญn cotton nแปฏa, mแบทc thรฌ mรกt thiแปt, mua lรขu rแปi giแป mแปi rรฃnh ฤแป lรชn ฤรกnh giรก, rแปi mua thรชm cรกi nแปฏa, chรบc shop buรดn may bรกn ฤแบฏt.",1
33,14492481,10776493,"Mรฌnh mua hรng bรชn shop Goking ฤรฃ 3 lแบงn rแปi, chแบฅt lฦฐแปฃng rแบฅt ok, thแบฅy mแบฅy bแบกn comment mua hรng Goking nhฦฐng giao thฦฐฦกng hiแปu khรกc. Mรฌnh share bรi viแบฟt nรy ฤแป nhแปฏng bแบกn sau mua hรng cแบฉn thแบญn nhรฉ.\nCรณ 1 sแป shop lแปซa ฤแบฃo nhฦฐ Phong Hรขn, copy hรฌnh แบฃnh vร nแปi dung tแปซ gian hรng khรกc nhฦฐ Goking, Everest, PL,โฆ nhฦฐng nhแบญn hรng khรดng phแบฃi Goking, Everest, PL mร lร thฦฐฦกng hiแปu khรกc hoแบทc ko cรณ nhรฃn hiแปu. Cฦก chแบฟ hiแปn thแป cแปงa Tiki rแบฅt dแป, cแปฉ shop nรo bรกn Goking lร lแบกi gom chung tแบฅt cแบฃ comment cแปงa tแบฅt cแบฃ mแปi shop vแป chung 1 chแป. Trong khi comment 1* ฤรณ lร cแปงa gian hรng Phong Hรขn, ko phแบฃi cแปงa GOKING. Vร ngฦฐแปฃc lแบกi cรกc comment 5* cแปงa shop Goking lแบกi nhแบฃy qua Phong Hรขn.\nVแบญy nรชn cรกc bแบกn phแบฃi hแบฟt sแปฉc cแบฉn thแบญn khi mua hรng trรชn Tiki, mua phแบฃi chแปn ฤรบng gian hรng cแปงa shop ""GOKING"", ko chแปn qua Phong Hรขn vร cรกc shop khรกc. Nhแบญn ฤฦฐแปฃc hรng phแบฃi kiแปm tra kแปน xem cรณ nhรฃn cแป hoแบทc thแบป bรi Goking khรดng nhรฉ (hรฌnh minh hแปa), hรng Goking thฦฐแปng bao bรฌ Nhแบญt Bแบฃn mรu xanh rแบฅt ฤแบนp.",1
34,11995613,10776493,"Tiki ฤรฃ tรกch Nhร phรขn phแปi ฤแบกi lรฝ riรชng ra, nรชn giแป mua Goking khรดng cรฒn lo bแป lแปn qua shop giแบฃ khรกc nแปฏa. ฤแบฃm bแบฃo ฤรบng hรng chรญnh hรฃng Goking.",1
35,1536014,10776493,Tรดi cรณ ฤแบทt 2 cรกi รกo ฤen vร xรกm แป shop nรy. รo Goking gรฌ ฤแบฅy nhฦฐng nhแบญn vแป thรฌ lแบกi thแบฅy T&D chแบฃ hiแปu sao. Chแปn size theo ฤรบng mรด tแบฃ lร size L nhฦฐng lแบฅy vแป thรฌ nhฦฐ size S chแบฏc cho con nรญt mแบทc. Chแบฅt lฦฐแปฃng vแบฃi cแปฑc kแปณ tแป hแบกi. รo mรu trแบฏng mแบทc nhฦฐ khรดng mแบทc ฤรฃ vแบญy ฤฦฐแปng chแป may cแปฑc cแบฉu thแบฃ vร mรฉo mรณ. Chแบฅt lฦฐแปฃng khรดng ฤรกng bแบฑng 1 cรกi รกo ngoรi chแปฃ nรณi chi ฤรขy lแบกi lร hรng shop bรกn onl. Nรณi chung ฤรขy lร lแบงn ฤแบงu tiรชn ฤรกnh giรก vร cลฉng lร lแบงn cuแปi ฤรกnh giรก แป cรกi shop nรy. ฤแป nghแป Tiki xem xรฉt.,1
36,9777541,10776493,Chแบฅt lฦฐแปฃng tแปt,1
37,7977183,10776493,"Sแบฃn phแบฉm khรดng ฤรบng mรด tแบฃ, khรดng ฤรบng thฦฐฦกng hiแปu Goking. Giao hรng 2 cรกi hai chแบฅt liแปu thun khรกc nhau, vร giao sai luรดn cแบฃ mรu รกo mรฌnh ฤรฃ ฤแบทt. Chแป vรฌ thแบฅy nhiแปu bแบกn nhแบญn xรฉt ""hรi lรฒng, xuแบฅt sแบฏc,... "" cho nรชn mรฌnh mแปi ""ฤu theo"". Thรดi thรฌ an แปงi tiแปn nรo cแปงa nแบฅy, chแปฉ khรดng phแบฃi giแบฃm giรก ฤรขu.",1
38,12179575,10776493,Rแบฅt thรญch thฦฐฦกng hiแปu Goking. รo cotton mแบทc mรกt.,1
39,12179147,10776493,"mua cแปงa shop lแบงn thแปฉ 2 vแบซn rแบฅt hรi lรฒng, cแบฃ nhร mรฌnh tin tฦฐแปng mua รกo thun cแปงa shop",1
40,11995686,10776493,Chแปn lแปn size ฤฦฐแปฃc shop ฤแปi lแบกi rแบฅt nhanh chรณng. Hรi lรฒng.,1
41,12846256,10776493,ฤรฃ nhแบญn hรng. sp ฤแบนp,1
42,12846256,10776493,ฤรฃ nhแบญn hรng sp ฤแบนp,2
43,11995883,10776493,"Mรu ฤen nฤm nay chแบฅt lฦฐแปฃng tแปt hฦกn nฤm ngoรกi, รญt cรฒn bแป dรญnh bแปฅi vแบฃi cotton vรo ngฦฐแปi.",1
44,11995948,10776493,nhแปฏng ngฦฐแปi cรณ mแปก nhฦฐ tรดi mแบทc รกo nรy mแปi chแปu nแปi.chuแบฉn mรกt,1
45,9777541,10776493,giao hรng nhanh,2
46,12846256,10776493,ฤแบนp,3
47,8213550,10776493,dep,1
48,14257947,10776493,"tui ฤรฃ thแปญ nhแป nฦฐแปc vรo, thแบฅm hรบt rแบฅt tแปt, Giแบทt nhiแปu nฦฐแปc cลฉng ko thแบฅy xรน lรดng.  Nรณi chung lร mแปi ngฦฐแปi nรชn mua thฦฐฦกng hiแปu GOKING, รกo rแบฅt chแบฅt lฦฐแปฃng,",1
49,14267149,10776493,"shop tฦฐ vแบฅn cho mรฌnh rแบฅt nhanh, giao hรng cลฉng nhanh nแปฏa, cแบงm รกo trรชn tay mร thรญch dแป sแปฃ, mแปn mรกt ฤแบนp",1
50,1654933,10776493,good,1
51,1654933,10776493,good,2
52,1604203,10776493,"รo thun thoรกt nhiแปt GOKING:\nChแบฅt liแปu vแบฃi dแป chแปu, form รกo tแปt",1
53,14397721,10776493,Gแปi Tแบกm ฤฦฐแปฃc vรฌ rแบป tiแปn mร,1
54,12179147,164310669,"Hรฌnh in cute, rรต nรฉt, khรดng bแป dรญnh hay bong trรณc. ฤรณng gรณi rแบฅt ฤแบนp. Rแบฅt hรi lรฒng.",1
55,11995883,164310669,"hรฌnh in cute dแป sแปฃ, mร mรกy mรฌnh chแปฅp lรชn kแปณ quรก, mรu khรดng giแปng, mแบทc ฤแบนp, hรi lรฒng.",1
56,12179820,164310669,Cรฒn รญt chแป thแปซa nhฦฐng khรดng ฤรกng kแป. รo phรดng mแบทc mรกt. hรฌnh in sแบฏc nรฉt vร mแปm mแบกi.,1
57,12179575,164313903,"hรฌnh in sแบฏc nรฉt, giรก cแบฃ phรน hแปฃp chแบฅt lฦฐแปฃng",1
58,19632952,84963179,"ฤแบทt 2 รกo cรนng 1 size giao 2 รกo khรกc size khรกc chแบฅt vแบฃi, nรณi chung ae ko nรชn mua shop nรy.Ae nรชn lรชn FB mua รกo thun mแบฅy chแปฅc k 2 3 รกo,free ship ngon hฦกn",1
59,29523477,84963179,รo ฤแบทc ngฦฐแปi lแปn giแป vแป cho em bรฉ 3 tuแปi mแบทc,1
60,26779900,84963179,"Hรng kรฉm chแบฅt luong,ko giong hรฌnh,mua vแป lรm dแบป lau thรฌ ฤc",1
61,14284387,84963179,"hรng lแปi, size tรนm lum ta nhฦฐ nรนi giแบป",1
62,27740422,84963179,รo 3xl mร giแปng nhฦฐ รกo ฤรn bร dแบญy shop ? Bแป bรชn shop chแป bรกn รกo ฤรn bร thรดi khรดng bรกn รกo ฤรn รดng hแบฃ?,1
63,9678030,84963179,Ok,1
64,22691064,84963179,"Shop giao lแปn รกo nแปฏ, e mua รกo nam",1
65,19539029,84963179,Sแบฃn phแบฉm ko giแปng hรฌnh ko size quรก nhแป vแปi size ฤแบทt,1
66,12862311,84963179,Mua thแปญ 4 cรกi.  Giรก thรฌ quรก rแบป vร chแบฅt lฦฐแปฃng cลฉng quรก kรฉm.  y nhฦฐ giรก vแบญy,1
67,27098951,84963179,"รo ฤแบนp nha  , con gรกi mแบทc cลฉng ฤแบนp nแปฏa รก",1
68,13963972,84963179,รo khi mแบทc cรณ mแบฅy vแปฅn vแบฃi dรญnh lรชn ngฦฐแปi,1
69,13155078,84963179,"ao bแป cลฉ chat lieu vแบฃi ko dep,",1
70,11450571,84963179,Khรดng mแปn mแบทc vรo nhรกm xรฌ,1
71,20129900,84963179,รo bj bung chแป ฤแป long mแบทc 2 lแบงn ngแปฉa hแบฟt mik,1
72,28462243,84963179,Chแบฅt vแบฃi mแปm mแบทc thoแบฃi mรกi,1
73,5615425,84963179,Mua quแบงn mร gแปญi toรn rรกc.,1
74,5654427,84963179,รกo ฤรบng nhฦฐ hรฌnh nhฦฐng chแบฅt lฦฐแปฃng thรฌ ฤรบng lร ฤi kรจm giรก tiแปn,1
75,11177166,84963179,รo vรฃi mแปng Size XL chiแปu dรi quรก ngแบฏn.,1
76,10215044,84963179,"รo ฤแบนp, rแบป, giao hรng thรขn thiแปn.",1
77,12134941,84963179,Chรช trรกch shop lรm ฤn hk cรณ tรขm ๐,1
78,22948637,84963179,aoa vแปซa vฤn ฤแบนp giแปฑt r nรชn ko cรณ แบฃnh,1
79,17274953,84963179,"รo trแบญt,ko ฤรบng size,chแบฅt liแปu ko nhฦฐ mรด tแบฃ",1
80,15544063,84963179,giao lแปn mรu xanh rแปi vร sai รo,1
81,15544063,84963179,giao lแปn mรu รo vร sai ao rแปi,2
82,16378406,84963179,khรกc cแป แบฃo vร giao quรก sแปm,1
83,1801332,84963179,1 trong 2 รกo cรณ bแปฉt chแป bรชn vai trรกi 1 tรญ.,1
84,27473709,84963179,รกo mแปi mua bแป bung chแป phแบงn tay รกo,1
85,1664714,84963179,รกo rแปng quรก khแปng mแบทc vแปซa,1
86,24513370,84963179,Hรng ko ฤรบng hรฌnh cho 1 sao,1
87,24513370,84963179,Hรng ko ฤรบng hรฌnh cho 1 sao,2
88,24513370,84963179,Hรng ko ฤรบng hรฌnh cho 1 sao,3
89,26634410,84963179,รกo ฤแบนp ฤรบng nhฦฐ sแบฃn phแบฉm,1
90,14778394,84963179,"รo xแบฅu, giao khรดng ฤรบng size khรดng giแปng nhฦฐ แบฃnh",1
91,11038442,84963179,ok,1
92,26667898,84963179,mรกt mแบป,1
93,23990699,84963179,รกo nhฦฐ cccccccccccccccccccccccccccc,1
94,24201881,84963179,sแบฃn phแบฉm rแบฅt tแปt nรชn cho 5 sao,1
95,20670435,84963179,ok,1
96,12740088,84963179,"ko ฤแบนp, vแบฃi cแปฉng.xxxxxxxxx",1
97,12740088,84963179,"รกo xแบฅu, giao ko ฤรบng side",2
98,23602267,84963179,Ok,1
99,24201881,84963179,ok,2
100,24201881,84963179,ok,3
101,8277811,84963179,chรกn รกo xรน lรดng mแบทt nรณng chรกn,1
102,16877862,84963179,(*) ฤรกnh giรก khรดng tรญnh ฤiแปm\nรo ok mร 4xl nhฦฐ do em bรฉ,1
103,12179575,164313025,"Rแบฅt thรญch thฦฐฦกng hiแปu Goking, rแบฅt nhiแปu mแบซu in ฤแบนp vร รฝ nghฤฉa. รo thun cotton mแบทc mรกt.",1
104,12179147,164313025,"mรฌnh hay chแบกy xe, hoแบกt ฤแปng nhiแปu nรชn mแบทc รกo nรy rแบฅt mรกt, mua รกo nรy cho cแบฃ nhรณm mรฌnh luรดn, hรi lรฒng.",1
105,22580465,176251118,รo ฤแบนp nguyรชn box thแบญt tiแปn lแปฃi. รo thun cฦก bแบฃn cแปงa shop vแบฃi mแปn mแบทc mรกt. ฤแปฃt trฦฐแปc mรฌnh cรณ mua รกo cแปงa hรฃng CoolMate thรฌ thแบฅy chแบฅt lฦฐแปฃng ฤi xuแปng mร giรก cแปงa bรชn ฤแบฅy khรดng tแปt nhฦฐ shop.,1
106,26183739,176251118,"Giao hรng 2h quรก nhanh luรดn แบก, sรกng ฤแบทt chiแปu cรณ liแปn, chแบฅt lฦฐแปฃng รกo khแปi bรn luรดn แบก, tแปซng mua quแบงn tแบฅt cแปงa shop , mua thรชm รกo. Mแบทc rแบฅt vแปซa , rแบฅt hรi lรฒng แบก, thแบฅy chแบฅt lฦฐแปฃng, ฤรณng gรณi dแปch vแปฅ tแปt hฦกn cรกc lแบงn trฦฐแปc รก . 5*, sแบฝ tiแบฟp tแปฅc แปงng hแป a.",1
107,26283484,176251118,"Mรu sแบฏc giแปng nhฦฐ แบฃnh, lแปฑa theo bแบฃng size cแปงa shop rแบฅt vแปซa, mแบทc ฤแบนp. sแป chแบฅt vแบฃi mแปm mแปn mแบทc mรกt. Giแบทt ฤฦฐแปฃc 2 lแบงn , รกo khรดng bแป phai mรu, cลฉng khรดng bแป nhฤn. giรก tiแปn vร chแบฅt lฦฐแปฃng dแปch vแปฅ tฦฐฦกng xแปฉng.  5* แปงng hแป nรชn mua nhรฉ",1
108,26173589,176251118,"ฤรณng gรณi ฤแบนp,  2 รกo ฤแปฑng trong 2 hแปp, thรดng tin rแบฅt rรต rรng. Hรng thฦฐฦกng hiแปu, giรก bรฌnh แปn. Chat cho shop nhแป tฦฐ vแบฅn vร ฤฦฐแปฃc phแบฃn hแปi rแบฅt nhanh, thรขn thiแปn, chแบฅt lฦฐแปฃng ฤแบฟn dแปch vแปฅ mรฌnh ฤแปu rแบฅt hรi lรฒng, vote 5 * cho Shopp",1
109,13613087,176251118,"Mua lแบกi lแบงn 2 nhฦฐng vแบซn rแบฅt ฦฐng, ฤรณng gรณi cแบฉn thแบญn, sแบฃn phแบฉm tแปt so vแปi giรก tiแปn",1
110,26119705,176251118,"Rแบฅt hรi lรฒng , mua cแปงa shop 5 ฤฦกn rแปi, trฦฐแปc ฤรฃ dรนng tแบฅt, quแบงn lรณt quแบงn ฤรนi. giแป mua thรชm รกo thun luรดn แบก. Hรng ฤแบนp, ฤรณng gรณi tแปt. Giao hรng nhanh sแป 1 luรดn แบก, em toรn chแปn tikinow 2h nรชn cแบงn lร cรณ ngay, 5/5 * luรดn,.",1
111,26252391,176251118,"Chแบฅt รกo ฤแบนp, thun cotton 95% mแปm mแปn, sแป mรกt. co giรฃn khรก tแปt. mแบทc mรนa hรจ mรกt. Shop ฤรณng gรณi ฤแบนp, Tiki giao hรng thรฌ siรชu nhanh rแปi.",1
112,656032,176251118,Giao hรng nhanh\r\nฤรบng sแบฃn phแบฉm,1
113,26074633,176251118,"Vแปซa nhแบญn hรng แบก, hแปp bรชn ngoรi hฦกi รณp do vแบญn chuyแปn, cรฒn sแบฃn phแบฉm bรชn trong cรฒn cรณ hแปp cแปงa shop, bแปc cแบฉn thแบญn. rแบฅt hรi lรฒng, chแบฅt lฦฐแปฃng chแบฏc ฤแป รดng xรฃ mแบทc xem thแบฟ nรo, sp tแปt em sแบฝ แปงng hแป tiแบฟp แบก.",1
114,10662864,176251118,รo thun trแบฏng khรดng cรณ logo dแบญp trรชn ngแปฑc รกo?,1
115,21648132,176251118,รo ฤแบนp tuyet vแปi,1
116,28408178,176251118,รo khรก ฤแบนp. Chแบฅt vแบฃi trฦกn. Shop tฦฐ vรขnd nhiแปt tรฌnh. Nc lร sแบฝ แปงng hแป thรชm,1
117,7692569,176251118,"Chแบฅt liแปu mแปm, mแบทc thรญch, ฤรณng gรณi cแบฉn thแบญn.",1
118,11687390,176251118,"Shop quแบฃng cรกo size xl cho ngฦฐแปi 78kg mร ngฦฐแปi nhร mรฌnh 72 kg, cao 1m72 mแบทc chแบญt nhฦฐ bรณ giรฒ chแบฃ. Shop bรกn hรng ko cรณ tรขm.",1
119,27060399,176251118,"Mแบทc 1 tuแบงn rแปi, ฤรกnh giรก chแบฅt lฦฐแปฃng แปn, mแบทc thoแบฃi mรกi, vแบฃi mรกt, co giรฃn tแปt. giแบทt khรดng bแป ra mรu, khรดng bแป nhฤn sau vรi lแบงn dรนng. Sแบฝ mua lแบกi, hรi lรฒng !!",1
120,27151271,176251118,"thoรกng mรกt, co dรฃn tแปt",1
121,26511446,176251118,Shop cho ฤแปi lแบกi size L ฤc ko? Size M mร s nhแป quรก๐ฅถ๐ฅถ๐ฅถ,1
122,27001924,176251118,"Thun cotton mแปm mแปn, sแป mรกt. รo ฤem giแบทt lแบงn ฤแบงu khรดng bแป ra mรu, Form rแปng, chแปng mรฌnh 68kg mแบทc L rแปng rรฃi thoแบฃi mรกi. รo ฤแบนp thแบฅy mแบทc suแปt ร :))",1
123,27149789,176251118,"Mua cho bแป แบก, รกo rแบฅt ฤแบนp bแป em rแบฅt thรญch. cแบฃm ฦกn shop, mรณn quร tuyแปt vแปi dรnh tแบทng bแป dแปp sinh nhแบญt. sแบฝ tiแบฟp tแปฅc แปงng hแป shop แบก",1
124,8316515,176251118,"Vแบฃi ฤแบนp co giรฃn tแปt, bao bรฌ ฤรณng gรณi sang. แปฆng hแป Shop ๐",1
125,27149769,176251118,"sแบฃn phแบฉm chแบฅt lฦฐแปฃng, mรฌnh toรn mua ฤแป cho ong xรฃ แป ฤรขy. rแบฅt hรi lรฒng vแป chแบฅt lฦฐแปฃng cลฉng nhฦฐ bao bรฌ ฤรณng gรณi ฤแบนp, cแบฉn thแบญn",1
126,26287855,176251118,"ฤรณng gรณi ฤแบนp, mua tแบทng quร sinh nhแบญt แบก, Bแบกn mรฌnh mแบทc rแบฅt vแปซa รกo cแปงa shop. Shop giao hรng nhanh nhแบญn ฤรบng dแปp SNhat. 5* tuyแปt vแปi luรดn แบก",1
127,17341182,176251118,ok,1
128,26744054,176251118,..,1
129,27146689,176251118,"Rแบฅt hรi lรฒng, chแบฅt lฦฐแปฃng tแปt trong tแบงm giรก, cรณ now2h ฤแบทt hรng cรณ ngay, lแบกi cรฒn ฤฦฐแปฃc hแป trแปฃ phรญ vแบญn chuyแปn 5*",1
130,8166489,176251118,"Vแบฃi แปn, khรดng nรชn giแบทt mรกy",1
131,27146804,176251118,"mua lแบงn 2, chแบฅt lฦฐแปฃng vแบซn ฤฦฐแปฃc ฤฦฐแปฃc ฤแบฃm bแบฃo nhฦฐ trฦฐแปc, รกo co giรฃn tแปt, vแบฃi mรกt, thแบฅm hรบt mแป hรดi tแปt.",1
132,18219117,176251118,Kiแปu dรกng ฤแบนp,1
133,1811047,176251118,"Giao hรng nhanh, ฤรณng gรณi cลฉng ฤแบนp. รo thรฌ tแปt ฤรบng quแบฃng cรกo ๐ฆ๐ฆ๐ฆ",1
134,16894197,176251118,Mรฌnh tin tฦฐแปng shop vร แปงng hแป hรng Vn. Nhฦฐng hรng chแบฅt lฦฐแปฃng kรฉm quรก. Nhแบน cรกi lร rรกch luรดn. Quรก thแบฅt vแปng,1
135,21326403,176251118,Hรi lรฒng vแป sแบฃn phแบฉm \r\nGiao hรng nhanh,1
136,26173643,176251118,"Rแบฅt chแบฅt lฦฐแปฃng, sแบฃn phแบฉm chแบฅt lฦฐแปฃng tฦฐฦกng ฤฦฐฦกng mรฌnh chแปn cho รดng xรฃ ngoรi tiแปm khรดng cรณ giรก tแปt vแบญy แบก. !",1
137,319752,176251118,"ฤแบนp, mแบทc mรกt",1
138,27146669,176251118,"รกo form mแบทc rแปng thoแบฃi mรกi, hฦกi รญt mรu ฤแป chแปn, mong shop cรณ thรชm cรกc mรu khรกc ฤแป thay ฤแปi.",1
139,26183798,176251118,"รo rแบฅt vแปซa, ฤแบนp. mแบทc rแบฅt thoแบฃi mรกi. mua 5 6 ฤฦกn cแปงa shop nรy rแปi, sแบฃn phแบฉm nรo cลฉng rแบฅt hรi lรฒng",1
140,27081140,176251118,"hรi lรฒng, mรฌnh rแบฅt thรญch dรนng ฤแป cแปงa hรฃng MRM nรy. chแบฅt lฦฐแปฃng dแปch vแปฅ ฤแปu rแบฅt hรi lรฒng",1
141,27146847,176251118,"รกo thun ฤแบนp, hแปp ฤรณng gรณi rแบฅt cแบฉn thแบญn, nhแบญn hรng rแบฅt hรi lรฒng, sแบฝ tiแบฟp tแปฅc แปงng hแป",1
142,27143043,176251118,"Shop chแบฅt lฦฐแปฃng, giao nhanh, ฤรบng size mแบซu mรฃ. รกo ฤแบนp, 57kg mแบทc size M rแบฅt vแปซa, cแบฃm ฦกn",1
143,27042492,176251118,"รo ฤแบนp, chuแบฉn. Mih 75kg mแบทc XL vแปซa thoแบฃi mรกi, 3 mรu chแปฉ nhiแปu mรu nแปฏa lร cลฉng mua thรชm.",1
144,14020562,176251118,"Mแบทc ฤแบนp, mรกt",1
145,27026578,176251118,"รo thun ฤแบนp , mแบทc khรดng bแป nรณng. ฤฦฐแปng chแป may tแปt รญt chแป thแปซa, sp cao cแบฅp ฤรกng tiแปn",1
146,27091655,176251118,"ฤแบนp, chแบฅt lฦฐแปฃng - dแปch vแปฅ 5*. hรng viแปt nam nรชn mua , giรก mแปm, giao tiki2h siรชu nhanh.",1
147,10118357,176251118,"Vแปซa vแบทn, รกo mแบทc mรกt, ฤแป dรฃn tแปt",1
148,26825207,176251118,Rแบป vร tแปt,1
149,26288362,176251118,"Hรi lรฒng, Form size rแบฅt vแปซa mรฌnh 75kg mแบทc XL khรก vแปซa thoแบฃi mรกi. รo chแบฅt thun mแปm, mแบทc mรกt",1
150,1321151,176251118,"Bรฌnh thฦฐแปng. Thqams mแป hรดi, nhฦฐng แปง mรนi nhiแปu",1
151,27149696,176251118,"รo rแบฅt ฤแบนp, ฤรบng nhฦฐ mรฌnh kรฌ vแปng, sแบฝ tiแบฟp tแปฅc แปงng hแป Brand viแปt",1
152,328418,176251118,รกo tuyแปt vแปi so vแปi giรก. mรฌnh mang size M. vแบฃi mแปn thoแบฃi mรกi. gแปn ฤแบนp,1
153,24781095,176251118,Cuc ki hai long,1
154,27769822,176251118,Chแบฅt vแบฃi ฤแบนp.ฤรณng gรณi cแบฉn thแบญn.giao hรng nhanh.,1
155,27091775,176251118,"Giao nhanh, ฤแบทt sรกng, chiแปu nhแบญn ฤฦฐแปฃc luรดn. mแบทc tแปt sแบฝ mua thรชm",1
156,1070585,176251118,"รกo nรy slim fit nรชn cรณ nhแป shop ฤแปi lแบกi size รกo, thanks shop",1
157,27081109,176251118,"Uy tรญn, chแบฅt lฦฐแปฃng. mแบซu mรฃ rแบฅt ฤแบนp. toรn dรนng ฤแป cแปงa shop",1
158,26119751,176251118,"Tikinow 2h siรชu nhanh, ny em mแบทc rแบฅt ฤแบนp shop แบก. ฤรณng gรณi cแบฉn thแบญn",1
159,27026604,176251118,"Hรi lรฒng - dแปch vแปฅ giao hรng ฤรณng gรณi, chแบฅt lฦฐแปฃng sp ฤแปu tแปt",1
160,27042461,176251118,Hรi lรฒng . mua lแบงn 2 rแปi. รo dรนng 1 thแปi gian vแบซn cรฒn tแปt 5*,1
161,27368815,176251118,"รกo tแปt, giรก hแปฃp lรญ",1
162,28305089,176251118,รo hฦกi mแปng,1
163,10582314,176251118,"รo chแบฅt lฦฐแปฃng, giao trong ngรy nhanh",1
164,27019708,176251118,Chแบฅt lฦฐแปฃng tแปt,1
165,27019691,176251118,"Chแบฅt ฤแบนp, giao tiki 2h siรชu nhanh, cแปฑc kรฌ hรi lรฒng nha.",1
166,27060423,176251118,"รกo rแบฅt ฤแบนp, vแบฃi mแปn, may chแบฏc chแบฏn. hรi lรฒng",1
167,27368832,176251118,chแบฅt lฦฐแปฃng tแปt,1
168,899162,176251118,"chแบฅt liแปu mรกt, mแปm, form dรกng thoแบฃi mรกi",1
169,27042299,176251118,"ฤแบนp, rแปng thoแบฃi mรกi. Shop tฦฐ vแบฅn tแปt tks !",1
170,26283526,176251118,"Hรng viแปt nam, chแบฅt lฦฐแปฃng แปn trong tแบงm giรก",1
171,27100339,176251118,"mua lแบกi lแบงn 2, รกo ฤแบนp dรนng tแปt.",1
172,27100312,176251118,"รo ฤแบนp,  vแบฃi mรกt, mแบทc dแป chแปu",1
173,12112065,176251118,"mแบทc dแป chแปu, phรน hแปฃp vแปi giรก tiแปn",1
174,23481670,176251118,"nhรขn viรชn dแป thฦฐฦกng, ฤแป tแปt",1
175,27002170,176251118,"Good ! chแบฅt รกo ฤแบนp , mรกt co giรฃn tแปt.",1
176,5236184,176251118,"ฤแบนp, phรน hแปฃp giรก tiแปn",1
177,12035721,176251118,ฤแบนp chแปng tรดi rแบฅt thรญch,1
178,27009968,176251118,"รo rแบฅt ฤแบนp, mแบทc mรกt thoแบฃi mรกi.",1
179,27143068,176251118,"Vแบฃi mแปm mรกt, co giรฃn tแปt.",1
180,27042333,176251118,"Giao nhanh , sp tแปt  Good!",1
181,20759316,176251118,giao hรng nhanh,1
182,27577777,176251118,Godd,1
183,8611493,176251118,vรฃi tแปt,1
184,11650598,176251118,Sแบฃn phแบฉm tแปt,1
185,23481670,176251118,hรng tแปt,2
186,26065948,176251118,Hรi lรฒng nha shop !,1
187,19745402,176251118,Giao ฤรบng hรng,1
188,27577777,176251118,tot,2
189,25840618,176251118,rแบฅt  tแปt,1
190,26200419,176251118,"รo ฤแบนp, Good 5*.",1
191,26074686,176251118,Rแบฅt hรi lรฒng !,1
192,27009952,176251118,รo rแบฅt ฤแบนp,1
193,26183739,176250783,"Giao hรng 2h quรก nhanh luรดn แบก, sรกng ฤแบทt chiแปu cรณ liแปn, chแบฅt lฦฐแปฃng รกo khแปi bรn luรดn แบก, tแปซng mua quแบงn tแบฅt cแปงa shop , mua thรชm รกo. Mแบทc rแบฅt vแปซa , rแบฅt hรi lรฒng แบก, thแบฅy chแบฅt lฦฐแปฃng, ฤรณng gรณi dแปch vแปฅ tแปt hฦกn cรกc lแบงn trฦฐแปc รก . 5*, sแบฝ tiแบฟp tแปฅc แปงng hแป a.",1
194,26283484,176250783,"Mรu sแบฏc giแปng nhฦฐ แบฃnh, lแปฑa theo bแบฃng size cแปงa shop rแบฅt vแปซa, mแบทc ฤแบนp. sแป chแบฅt vแบฃi mแปm mแปn mแบทc mรกt. Giแบทt ฤฦฐแปฃc 2 lแบงn , รกo khรดng bแป phai mรu, cลฉng khรดng bแป nhฤn. giรก tiแปn vร chแบฅt lฦฐแปฃng dแปch vแปฅ tฦฐฦกng xแปฉng.  5* แปงng hแป nรชn mua nhรฉ",1
195,26173589,176250783,"ฤรณng gรณi ฤแบนp,  2 รกo ฤแปฑng trong 2 hแปp, thรดng tin rแบฅt rรต rรng. Hรng thฦฐฦกng hiแปu, giรก bรฌnh แปn. Chat cho shop nhแป tฦฐ vแบฅn vร ฤฦฐแปฃc phแบฃn hแปi rแบฅt nhanh, thรขn thiแปn, chแบฅt lฦฐแปฃng ฤแบฟn dแปch vแปฅ mรฌnh ฤแปu rแบฅt hรi lรฒng, vote 5 * cho Shopp",1
196,26119705,176250783,"Rแบฅt hรi lรฒng , mua cแปงa shop 5 ฤฦกn rแปi, trฦฐแปc ฤรฃ dรนng tแบฅt, quแบงn lรณt quแบงn ฤรนi. giแป mua thรชm รกo thun luรดn แบก. Hรng ฤแบนp, ฤรณng gรณi tแปt. Giao hรng nhanh sแป 1 luรดn แบก, em toรn chแปn tikinow 2h nรชn cแบงn lร cรณ ngay, 5/5 * luรดn,.",1
197,11662277,176250783,Sแบฃn phแบฉm rแบฅt OK ๐๐๐๐๐,1
198,26252391,176250783,"Chแบฅt รกo ฤแบนp, thun cotton 95% mแปm mแปn, sแป mรกt. co giรฃn khรก tแปt. mแบทc mรนa hรจ mรกt. Shop ฤรณng gรณi ฤแบนp, Tiki giao hรng thรฌ siรชu nhanh rแปi.",1
199,22206990,176250783,Okie,1
200,11662277,176250783,Hรng rแบฅt ฤแบนp,2
201,26074633,176250783,"Vแปซa nhแบญn hรng แบก, hแปp bรชn ngoรi hฦกi รณp do vแบญn chuyแปn, cรฒn sแบฃn phแบฉm bรชn trong cรฒn cรณ hแปp cแปงa shop, bแปc cแบฉn thแบญn. rแบฅt hรi lรฒng, chแบฅt lฦฐแปฃng chแบฏc ฤแป รดng xรฃ mแบทc xem thแบฟ nรo, sp tแปt em sแบฝ แปงng hแป tiแบฟp แบก.",1
202,9129091,176250783,Rแบฅt ฦฐng รฝ. Chรบc shop luรดn nhiแปu ฤฦกn!,1
203,12745092,176250783,"cลฉng dc, nam 65kg size L hฦกi chแบญt nha, giแบทt mรกy xong thแบฅy hฦกi nhฤn, cแป hฦกi giรฃn 1 tรญ, mua mแบทc cลฉng ฤฦฐแปฃc nhฦฐng ฤแปซng kรฌ vแปng quรก",1
204,27060399,176250783,"Mแบทc 1 tuแบงn rแปi, ฤรกnh giรก chแบฅt lฦฐแปฃng แปn, mแบทc thoแบฃi mรกi, vแบฃi mรกt, co giรฃn tแปt. giแบทt khรดng bแป ra mรu, khรดng bแป nhฤn sau vรi lแบงn dรนng. Sแบฝ mua lแบกi, hรi lรฒng !!",1
205,11175384,176250783,Tแปt,1
206,9129091,176250783,Rแบฅt ฦฐng รฝ. Chรบc shop luรดn nhiแปu ฤฦกn!,2
207,9129091,176250783,Rแบฅt ฦฐng รฝ. Chรบc shop luรดn nhiแปu ฤฦกn!,3
208,16378845,176250783,"Mรฌnh ฤแบทt mรu trแบฏng vแปi mรu ฤen,Shop giao 2 mรu trแบฏng.",1
209,27001924,176250783,"Thun cotton mแปm mแปn, sแป mรกt. รo ฤem giแบทt lแบงn ฤแบงu khรดng bแป ra mรu, Form rแปng, chแปng mรฌnh 68kg mแบทc L rแปng rรฃi thoแบฃi mรกi. รo ฤแบนp thแบฅy mแบทc suแปt ร :))",1
210,12760342,176250783,Sแบฃn phแบฉm tinh tแบฟ trong tแบงm giรก,1
211,27356486,176250783,Chแบฅt liแปu vแบฃi ฤแบนp รกo ฤแบนp,1
212,6761041,176250783,Chแบฅt liแปu cลฉng แปn nhฦฐng lรบc giแบทt cรณ ra nhiแปu tฦก nhแป mรu ฤen,1
213,27149789,176250783,"mua cho bแป แบก, รกo rแบฅt ฤแบนp bแป em rแบฅt thรญch. cแบฃm ฦกn shop, mรณn quร tuyแปt vแปi dรnh tแบทng bแป dแปp sinh nhแบญt. sแบฝ tiแบฟp tแปฅc แปงng hแป shop แบก",1
214,26999076,176250783,Mรฌnh 58kg (mua size L) nhฦฐng mแบทc vรo vแบซn thแบฅy hฦกi bรณ. lรบc ฤแบงu cแปฉ nghฤฉ lร hรng slim fit. xem ฤi xem lแบกi thรฌ khรดng phแบฃi. ฤแป nghแป shop xem lแบกi size.,1
215,1019007,176250783,"Chแบฅt liแปu vแบฃi tแปt, รกo ฤแบนp, thแบฅm hรบt tแปt.",1
216,27149769,176250783,"sแบฃn phแบฉm chแบฅt lฦฐแปฃng, mรฌnh toรn mua ฤแป cho ong xรฃ แป ฤรขy. rแบฅt hรi lรฒng vแป chแบฅt lฦฐแปฃng cลฉng nhฦฐ bao bรฌ ฤรณng gรณi ฤแบนp, cแบฉn thแบญn",1
217,26287855,176250783,"ฤรณng gรณi ฤแบนp, mua tแบทng quร sinh nhแบญt แบก, Bแบกn mรฌnh mแบทc rแบฅt vแปซa รกo cแปงa shop. Shop giao hรng nhanh nhแบญn ฤรบng dแปp SNhat. 5* tuyแปt vแปi luรดn แบก",1
218,10160759,176250783,Xin. Luรดn,1
219,27146689,176250783,"Rแบฅt hรi lรฒng, chแบฅt lฦฐแปฃng tแปt trong tแบงm giรก, cรณ now2h ฤแบทt hรng cรณ ngay, lแบกi cรฒn ฤฦฐแปฃc hแป trแปฃ phรญ vแบญn chuyแปn 5*",1
220,27146804,176250783,"mua lแบงn 2, chแบฅt lฦฐแปฃng vแบซn ฤฦฐแปฃc ฤฦฐแปฃc ฤแบฃm bแบฃo nhฦฐ trฦฐแปc, รกo co giรฃn tแปt, vแบฃi mรกt, thแบฅm hรบt mแป hรดi tแปt.",1
221,10928682,176250783,Thแบฅy tแปt,1
222,10928682,176250783,Thแบฅy แปn,2
223,26173643,176250783,"Rแบฅt chแบฅt lฦฐแปฃng, sแบฃn phแบฉm chแบฅt lฦฐแปฃng tฦฐฦกng ฤฦฐฦกng mรฌnh chแปn cho รดng xรฃ ngoรi tiแปm khรดng cรณ giรก tแปt vแบญy แบก. !",1
224,7712731,176250783,"รo rแบฅt ฤแบนp vร chuแบฉn Form, thun mแปm",1
225,22535611,176250783,"Vแบฃi ฤแบนp , chแบฅt liแปu co giรฃn tแปt",1
226,490666,176250783,ฤแบนp. Vแบฃi tแปt,1
227,16908852,176250783,"Chแบฅt ฤแบนp, mแบทc mรกt rแบฅt oke",1
228,27146669,176250783,"รกo form mแบทc rแปng thoแบฃi mรกi, hฦกi รญt mรu ฤแป chแปn, mong shop cรณ thรชm cรกc mรu khรกc ฤแป thay ฤแปi.",1
229,26183798,176250783,"รo rแบฅt vแปซa, ฤแบนp. mแบทc rแบฅt thoแบฃi mรกi. mua 5 6 ฤฦกn cแปงa shop nรy rแปi, sแบฃn phแบฉm nรo cลฉng rแบฅt hรi lรฒng",1
230,7712731,176250783,vแบฃi ฤแบนp vร form chuแบฉn,2
231,28265564,176250783,Kiแปu dรกng ฤแบนp,1
232,27081140,176250783,"hรi lรฒng, mรฌnh rแบฅt thรญch dรนng ฤแป cแปงa hรฃng MRM nรy. chแบฅt lฦฐแปฃng dแปch vแปฅ ฤแปu rแบฅt hรi lรฒng",1
233,27146847,176250783,"รกo thun ฤแบนp, hแปp ฤรณng gรณi rแบฅt cแบฉn thแบญn, nhแบญn hรng rแบฅt hรi lรฒng, sแบฝ tiแบฟp tแปฅc แปงng hแป",1
234,7931346,176250783,"Mรฌnh ฤรฃ mua แป ฤรขy nhiแปu rแปi, chแบฅt lฦฐแปฃng khแปi bรn cรฃi nhรฉ mแปi ngฦฐแปi, yรชn tรขm mua thรดi!!",1
235,27143043,176250783,"Shop chแบฅt lฦฐแปฃng, giao nhanh, ฤรบng size mแบซu mรฃ. รกo ฤแบนp, 57kg mแบทc size M rแบฅt vแปซa, cแบฃm ฦกn",1
236,27042492,176250783,"รo ฤแบนp, chuแบฉn. Mih 75kg mแบทc XL vแปซa thoแบฃi mรกi, 3 mรu chแปฉ nhiแปu mรu nแปฏa lร cลฉng mua thรชm.",1
237,9799110,176250783,"Bฦก phแปch\nGiรก ฤแบนp, vแบฃi cotton mรกt mแบป\nGiao quรก nhanh.",1
238,27091655,176250783,"ฤแบนp, chแบฅt lฦฐแปฃng - dแปch vแปฅ 5*. hรng viแปt nam nรชn mua , giรก mแปm, giao tiki2h siรชu nhanh.",1
239,27026578,176250783,"รo thun ฤแบนp , mแบทc khรดng bแป nรณng. ฤฦฐแปng chแป may tแปt รญt chแป thแปซa, sp cao cแบฅp ฤรกng tiแปn",1
240,26288362,176250783,"Hรi lรฒng, Form size rแบฅt vแปซa mรฌnh 75kg mแบทc XL khรก vแปซa thoแบฃi mรกi. รo chแบฅt thun mแปm, mแบทc mรกt",1
241,27368815,176250783,"รกo ฤแบนp, chแบฅt vแบฃi cotton mแปm mแปn, co dรฃn tแปt",1
242,27149696,176250783,"รo rแบฅt ฤแบนp, ฤรบng nhฦฐ mรฌnh kรฌ vแปng, sแบฝ tiแบฟp tแปฅc แปงng hแป Brand viแปt",1
243,13963972,176250783,รo ฤแบนp nhรฉ . Mฦกi mแป ra thแบฅy hแปp lร ฤแบนp r รก . 5 sao luรดn,1
244,27091775,176250783,"Giao nhanh, ฤแบทt sรกng, chiแปu nhแบญn ฤฦฐแปฃc luรดn. mแบทc tแปt sแบฝ mua thรชm",1
245,1728681,176250783,"Sแบฃn phแบฉm chแบฅt lฦฐแปฃng, chแบฅt vแบฃi mแบทc thoแบฃi mรกi, mรu vแบฃi khรก tรดn da.",1
246,27081109,176250783,"Uy tรญn, chแบฅt lฦฐแปฃng. mแบซu mรฃ rแบฅt ฤแบนp. toรn dรนng ฤแป cแปงa shop",1
247,26119751,176250783,"Tikinow 2h siรชu nhanh, ny em mแบทc rแบฅt ฤแบนp shop แบก. ฤรณng gรณi cแบฉn thแบญn",1
248,27026604,176250783,"Hรi lรฒng - dแปch vแปฅ giao hรng ฤรณng gรณi, chแบฅt lฦฐแปฃng sp ฤแปu tแปt",1
249,27042461,176250783,Hรi lรฒng . mua lแบงn 2 rแปi. รo dรนng 1 thแปi gian vแบซn cรฒn tแปt 5*,1
250,27100312,176250783,"รo ฤแบนp,  vแบฃi mรกt, mแบทc dแป chแปu. chแบฅt lฦฐแปฃng tแปt 9/10.",1
251,8158908,176250783,"รกo ฤแบนp, giao hรng nhanh",1
252,10832235,176250783,"ฤแบนp lแบฏm, sแบฝ mua thรชm 50 cรกi nแปฏa",1
253,27019691,176250783,"Chแบฅt ฤแบนp, giao tiki 2h siรชu nhanh, cแปฑc kรฌ hรi lรฒng nha.",1
254,27060423,176250783,"รกo rแบฅt ฤแบนp, vแบฃi mแปn, may chแบฏc chแบฏn. hรi lรฒng",1
255,27816963,176250783,chแบฅt liแปu tแปt!,1
256,27042299,176250783,"ฤแบนp, rแปng thoแบฃi mรกi. Shop tฦฐ vแบฅn tแปt tks !",1
257,27368832,176250783,hรi lรฒng,1
258,27009952,176250783,"รo chแบฅt lฦฐแปฃng tฦฐฦกng xแปฉng giรก tiแปn, good!",1
259,27019708,176250783,ฤแบนp,1
260,26283526,176250783,"Hรng viแปt nam, chแบฅt lฦฐแปฃng แปn trong tแบงm giรก",1
261,27100339,176250783,"mua lแบกi lแบงn 2, รกo ฤแบนp dรนng tแปt.",1
262,27002170,176250783,"Good ! chแบฅt รกo ฤแบนp , mรกt co giรฃn tแปt.",1
263,27009968,176250783,"รo rแบฅt ฤแบนp, mแบทc mรกt thoแบฃi mรกi.",1
264,27143068,176250783,"Vแบฃi mแปm mรกt, co giรฃn tแปt.",1
265,21550049,176250783,ฤฦฐa sai size chรกn cho 1sao,1
266,27042333,176250783,"Giao nhanh , sp tแปt  Good!",1
267,12745092,176250783,hฦกi chแบญt,2
268,26065948,176250783,Hรi lรฒng nha shop !,1
269,26200419,176250783,"รo ฤแบนp, Good 5*.",1
270,12035721,176250783,ฤแบนp,1
271,26074686,176250783,Rแบฅt hรi lรฒng,1
272,840426,13670345,"Hรng tแปt. Mแปt chรบt quแบฃng cรกo. 1998decor.com Chuyรชn nhแบญn decor nhร, quรกn xรก, shop, tiแปc cฦฐแปi, sแปฑ kiแปn. 1998decor.com Vintage Style",1
273,18381608,13670345,Giao hรng nhanh chuรดng.,1
274,6920480,13670345,giao hรng giแปng nhฦฐ cรกi nรนi dแบป vแบญy mร cแปงng ฤฤng bรกn ฤฦฐแปฃc trแปi,1
275,840426,13670345,mรฌnh mua 5 cรกi shop giao cรณ 4 cรกi. ฤn mแบฅt 1 cรกi cuแบฃ mรฌnh 21k rแปi. chรกn.,2
276,17158964,13670345,Sแบฃn phแบฉm quรก kรฉm chแบฅt lฦฐแปฃng,1
277,15784357,13670345,รo mรu chรกo ko phแบฃi mรu trแบฏng ๐,1
278,17823460,13670345,Hรng shop ฤแบนp tฦฐ vแบฅn nhiแปt tรฌnh vร giao hรng nhanh lแบฏm nha mแปi ngฦฐแปi.,1
279,13173699,13670345,"Giao hรng nhanh chรณng, sแบฃn phแบฉm giแปng y nhฦฐ hรฌnh, sแบฝ แปงng hแป lแบงn sau",1
280,12437175,13670345,Hรng khรดng ฤรบng nhฦฐ mรด tแบฃ,1
281,27728408,13670345,Chแบฅt lฦฐแปฃng thแบฅp theo ฤรบng tแบงm giรก,1
282,14145073,13670345,รo rแบป ฤแบนp hรng tแปt shop ฤรณng gรณi kแปน,1
283,27728408,13670345,Chแบฅt lฦฐแปฃng ฤรบng vแปi tแบงm giรก,2
284,28462243,13670345,"Chแบฅt vแบฃi mแปm, mแบทc thoแบฃi mรกi",1
285,18220952,13670345,"รo ฤแบนp quรก shop ฦกi, ฦฐng cรกi bแปฅng lแบฏm. Em sแบฝ tiแบฟp tแปฅc แปงng hแป shop iu nhiแปu.",1
286,11536075,13670345,แปn trong tแบงm giรก.,1
287,21026317,13670345,nhรขn viรชn giao hรng hรnh xแปญ ko tแปt ฤรณng gรณi ko kฤฉ,1
288,17472712,13670345,ฤแบทt sile xl giao sile l  giรกo hk ฤรบng sile nhฦฐng vแบซn vแปซa nha cho 4 sao vรฌ hk ฤรบng sile,1
289,27662066,13670345,รo khรดng ฤฦฐแปฃc trแบฏng!! Lแบงn sau nรณi thแบญt!!!!,1
290,13658786,13670345,"Giao hรng nhanh, hรng chแบฅt lฦฐแปฃng.",1
291,26570554,13670345,ฤแบนp,1
292,27186759,13670345,รo lรดng khรดng chแบฅt vแบฃi len khรกc xa hรฌnh!,1
293,26570554,13670345,ฤแบนp,2
294,24674143,13670345,"vแปซa form, mแบทc cรนng sฦก mi khoรกc ngoรi OK .",1
295,27748626,13670345,qua te....lรm giแบป lau xe luon,1
296,6741645,13670345,Thung tแป ฤแปซng nรชn mua !!!,1
297,5716064,13670345,"ฤแบทt XL, giao XS, ko biรชt sao mแบทc luรดn",1
298,18220212,13670345,"ฤฦฐแปng may ฤแบนp, khรดng cรณ chแป thแปซa giao hรng nhanh",1
299,19687532,13670345,"รo ko giแปng vs mรด tแบฃ, khรดng nรชn mua",1
300,22806628,13670345,Rแบฅt tแป ko ฤรบg hรฌnh แบฃnh qc,1
301,16240517,13670345,"hรng khรดng giแปng mแบซu, รกo thun ngแบฏn tay, nhฦฐng tay dรi hฦกn qua cรนi chแป",1
302,14763748,13670345,"ฤแบทt shop 2000( shop ngta bรกn hรng chแบฅt lฦฐแปฃng uy tรญn)mร ฤแบทt size L thรฌ qua bรชn shop nรy lรm ฤn chรกn thแบฟ\nVรฃi thรฌ ฤแป lรดng , ฤแบทt size L giao cรกi ao to nhฦฐ XL , cho ba t mแบทc luรดn chแปญ t mแบทc lรm gรฌ vแปซa.",1
303,25348874,13670345,Sแบฃn phแบฉm mua lแบงn 2 ko ฤแบนp nhฦฐ lแบงn 1,1
304,14418703,13670345,"rแบฅt khรดng hรi lรฒng , รกo xแบฅu , vแบฃi xแบฅu",1
305,24976911,13670345,sao lแบกi lร thung nแป ko phแบฃi thung co ton,1
306,18688711,13670345,"Vแบฃi รกo kรฉm chแบฅt lฦฐแปฃng, cแป hฦกi cong",1
307,16922694,13670345,1,1
308,27080763,13670345,Hรng ฤรฃ bแป rรกch vร รกo bแบฉn,1
309,7849587,13670345,"Dรนng ฤฦฐแปฃc, vแบฃi cลฉng dรy, mรu trแบฏng nhฦฐ hรฌnh.",1
310,624209,13670345,vแบฃi khรดng phแบฃi cotton nรชn mแบทc nรณng.,1
311,10595015,13670345,sp rแบฅt ok. giao hรng nhanh,1
312,5946782,13670345,k giแปng nhฦฐ hรฌnh. vแบฃi khรกc,1
313,19012388,13670345,"OK tแบกm xรi ฤฦฐแปฃc , khรดng ฤรบng size, hฦกi nhแป",1
314,14778394,13670345,รo xแบฅu khรดng giแปng แบฃnh khแปng ฤรบng size quรก thแบฅt vแปng,1
315,23084554,13670345,rแบฅt tแปt hรi lรฒng@,1
316,23066725,13670345,"Tแปt ฦฐng รฝ vแปi tแบงm giรก, ฤรบng nhฦฐ trรชn hรฌnh แบฃnh.. Cรกm ฦกn shop",1
317,10954359,13670345,"รo mแปng nhฦฐ vแบฃi mรn, mแบทc rแบฅt mรกt. Tiแปn nรo cแปงa แบฅy",1
318,83709,13670345,hรi lรฒng,1
319,25348874,13670345,Lแบงn hai mua ko dแบนp nhฦฐ lแบงn 1,2
320,20478940,13670345,khรดng ฤรบng zix rแปi chรกn quรก,1
321,7875340,13670345,รo cแปฑc ฤแบนp luรดn nha shop,1
322,1428415,13670345,mแปn vร ฤแบนp - giรก cแปฑc rแบป luรดn. cแบฃm ฦกn shop. cแบฃm ฦกn tiki,1
323,14437511,13670345,รo tแปt. Sแบฃn phแบฉm chแบฅt lฦฐแปฃng,1
324,14191680,13670345,ฤc vรฌ sbsjakaabakbsbaosvbzpasb,1
325,17646127,13670345,แปn vแปi tแบงm giรก,1
326,24066609,13670345,Tot,1
327,25740220,13670345,ok,1
328,22565029,13670345,รกo ฤแบนp nhฦฐ hรฌnh,1
329,19170958,13670345,k,1
330,22279299,13670345,"nhแป xรญu ko mแบทc vแปซa size cho ngฦฐแปi thแบฅp, kแปณ quรก",1
331,26251924,13670345,k qua dep,1
332,25932082,13670345,hรng tแปt,1
333,17875554,13670345,2 cai khac nhau la sao vay shop,1
334,24946784,13670345,Form hฦกi nhแป,1
335,16938194,13670345,Chแบฅt lฦฐแปฃng ฤi ฤรดi vแปi giรก thรnh,1
336,13369460,13670345,thun mแบทc nรณng quรก,1
337,13369460,13670345,thun mแบทc nรณng quรก,2
338,22026748,13670345,tแปt :)),1
339,24730341,13670345,รกo r ฤแบนp,1
340,23658819,13670345,tot,1
341,17150576,13670345,LแปชA ฤแบขO SHOP NรY SแปM MUแปN CลจNG QUแบข BรO \nTแบคT Cแบข TRANH XA SHOP NรY ฤI\nVแบขI ฤแปU -ฤแบถT XXL GแปฌI SIZE S,1
342,22001624,13670345,khรก tแปt,1
343,19875152,13670345,OK,1
344,20849020,13670345,chแบฅt liแปu tแปt,1
345,20456823,13670345,sp แปn khรดng vแบฅn ฤแป gรฌiiii,1
346,7234078,13670345,"ฤฦกn vแป bรกn hรng Trแบงn Doanh giao hรng kรฉm chแบฅt lฦฐแปฃng, khรดng hiแปu sao tiki lแบกi duyแปt cho hแป. Chแบฅt lฦฐแปฃng dแปch vแปฅ xuแปng cแบฅp rแปi. :(((",1
347,12118525,13670345,รกo thรฌ chแบฅt lฦฐแปฃng mร mรฌnh ฤแบทt size xxl mร giao size S,1
348,18012801,13670345,ok,1
349,12779365,22492292,Tแบกm ฤc.nhฦฐng k ฤรฒi hแปi แป mแปฉc giรก thแบฟ nรy,1
350,970828,22492292,"Shop gรณi hรng cแบฉn thแบญn.Chแบฅt lฦฐแปฃng hรng tแปt, ฤรกng giรก ฤแปng tiแปn, giao hรng nhanh, nรชn mua hรng แป ฤรขy.",1
351,970828,22492292,"Vแป dแปch vแปฅ Tiki giao hรng nhanh ฤรณng gรณi cแบฉn thแบญn ,  phแปฅc vแปฅ rแบฅt tแปt. Mong Tiki tiแบฟp tแปฅc phรกt huy",2
352,15645413,19814067,Tแปt ฤรบng nhฦฐ mong ฤแปฃi,1
353,21114990,19814067,รกo quรก nhแป ฤแบญt L mร nhแป quรก,1
354,21585407,19814067,dao hรng hฦกi chแบญn,1
355,21398622,19814067,รo chแบทt quรก ko thแป mแบทc aa,1
356,17526728,19814067,hรng vแบฃi tแปt ฤรกng giรก 4 sao,1
357,15040272,19814067,chแบญt lฦฐแปฃng,1
358,12682265,19814067,Xxl mร giao size xl buแปn thiแปt chแปฉ,1
359,8685922,19814067,chแบฅt liแปu ok,1
360,20811434,19814067,quรก mแปng. thun giแบฃn quรก ฤi,1
361,14949657,19814067,"Rแบป,Mแบทc tแบกm",1
362,16975002,19814067,giao hรng khong ฤรบng ??,1
363,12724143,19814067,size XL nhฦฐng mแบทc chแบญt hฦกn so vแปi kรญch cแปก thแบญt,1
364,17027291,19814067,ฤแบนp,1
365,13556951,19814067,tแบกm ฤc ko รขn รฝ lแบฏm....\n\n.......,1
366,16869848,19814067,giao khรดng ฤรบng mแบซu trรชn hรฌnh,1
367,12698291,19814067,รกo cแปฉ nhฦฐ ฤรฃ qua sแปญ dแปฅng vแบญy mรฌnh vแบซn cรฒn ngแปญi thแบฅy mรนi mแป hรดi,1
368,2030691,19814067,"Mรฌnh ฤแบทt รกo size L mร nรณ bรฉ xรญu nhฦฐ size M hay S gรฌ ฤรณ mแบทc khรดng vแปซa, thiแปt lร thแบฅt vแปng",1
369,20811932,19814067,hรng ok lแบฏm แบก,1
370,19833273,19814067,ao dรi quรก ngแบฅn chรบc lร ฤแบนp,1
371,21510619,19814067,H Long,1
372,6090487,19814067,"รกo rแบฅt tแปt trong tแบงm giรก, vแบฃi sแป khรก lแบก tay nhฦฐng rแบฅt thรญch hแปฃp mแบทc vรo mรนa xuรขn vร thu",1
373,10266262,19814067,"size XL mร nhแป quรก. Mรฌnh cao 1m7, nแบทng khoแบฃng 60kg mแบทc size XL trรดng rแบฅt nhแป :((",1
374,15965681,19814067,ฤแบทt รo thun nam size L mร giao nhแป xรญu mแบทt ko vแปซa,1
375,5903960,19814067,"vแบฃi ฤแบนp, y nhฦฐ hรฌnh ********************************",1
376,18293244,19814067,รกo ฤแบนp,1
377,7247881,19814067,Khรดng mong ฤแปฃi gรฌ thรชm vแปi sแบฃn phแบฉm tแบงm 50k :(((((,1
378,83431,19814067,ฤแบนp vแบฃi dรy ok,1
379,13826882,19814067,Hฦกi Rแปng mรu Sแบฏc ฤแบนp ????,1
380,11659004,19814067,tแปt,1
381,13430814,19814067,cho mรฌnh hแปi bรขy h size รกo ko vแปซa vs mรฌnh thรฌ cรณ ฤแปi lแบกi ฤc ko แบก,1
382,18220530,14702607,"Hรng ฤแบนp nhฦฐ แบฃnh luรดn nha,mแปi nhแบญn",1
383,13152139,14702607,รo ฤแบนp vแบฃi cลฉng ฤแบนp   Sแบฝ แปงng hแป tiแบฟp   Cแบฃm ฦกn Shop nhiแปu lแบฏm โญ๏ธโญ๏ธโญ๏ธโญ๏ธโญ๏ธ,1
384,18220338,14702607,"Giao hรng khรก nhanh. รo y hรฌnh, chแบฅt khรดng quรก mแปng. Phรน hแปฃp giรก tiแปn",1
385,18220530,14702607,"รo ฤแบนp, mรฌnh rแบฅt thรญch. Hรi lรฒng lแบฏm, sแบฝ tiแบฟp tแปฅc แปงng hแป Tiki.",2
386,17853145,14702607,Chแบฅt lฦฐแปฃng sแบฃn phแบฉm khiแบฟn mรฌnh cแปฑc kรฌ hรi lรฒng. ฤแบนp lแบฏm.,1
387,18220212,14702607,รo ฤแบนp lแบฏm nha. แปฆng hแป Tiki. Hรng Tiki lรบc nรo cลฉng ฤแบนp.,1
388,17823537,14702607,"ฤรฃ nhแบญn hรng, cแปฑc kแปณ hรi lรฒng! Chแบฅt vแบฃi Ok, form ฤแบนp.",1
389,16378406,14702607,hรng vแป quรก sแปm hรng tแปt!,1
390,17823460,14702607,ฤแบนp lแบฏm.,1
391,7027064,274718589,รo mแบทc rแบฅt mรกt.nhฦฐng phom รกo cรณ vแบป hฦกi ngแบฏn vแปi mรฌnh.,1
392,11995983,14847948,Review ฤฦฐแปng kim mลฉi chแป cho mแปi ngฦฐแปi xem. May rแบฅt chuแบฉn ฤแบนp nhฦฐ hรng Nhแบญt. Nhรฃn sฦฐแปn tiแบฟng Nhแบญt.,1
393,12179147,14847948,"form รกo suรดng rแปng rรฃi nรชn lร thoแบฃi mรกi, mแบซu nรy mรฌnh thแบฅy ai thรญch mแบทc รดm body tรญ thรฌ cลฉng ok lแบฏm, mรฌnh mua cho chแปng thแบฅy chแปng thรญch mรฌnh cลฉng vui, chแบฅt cotton sแป thรญch tay gรฌ ฤรขu, chแป hฦกi dฦฐ chรบt xรญu",1
394,11995686,14847948,"mรฌnh cรณ thแปญ thรฌ vแบฃi 100% cotton khรดng bแป pha sแปฃi poly nhฦฐ shop cam kแบฟt thแบญt tin tฦฐแปng ฤแป mua, hรng ฤแบนp mua lรm quร tแบทng ฤฦฐแปฃc nรจ, bao bรฌ ฤแบนp, cรณ cแบฃ thฦฐ cแบฃm ฦกn ฤรng hoรng, chแปu cho shop 5 sao",1
395,11995883,14847948,"ฤรฃ mua vร giแปi thiแปu cho bแบกn mua sp bรชn shop, รกo mแบทc khรดng biแบฟt nรณi sao chแปฉ ai cลฉng khen, shop nhiแปt tรฌnh.",1
396,12179820,14847948,"sฤn sale giรก rแบป mร lแบกi ฤฦฐแปฃc รกo xแปn nแปฏa, form mแบทc rแบฅt ฤแบนp, sแบฝ แปงng hแป thรชm nhแปฏng mรu khรกc nแปฏa",1
397,12179820,14847948,"Viแปt Nam rแบฅt รญt shop bรกn ฤรบng 100% cotton, nรชn mua cแปงa shop hรng chแบฅt lฦฐแปฃng lร tรดi mua hoรi",2
398,12179820,14847948,"mua cลฉng mแบฅy lแบงn rแปi, รกo cแปงa shop mแบทc mรกt ghรช khรดng bแป ฤแป lรดng khi giแบทt cลฉng khรดng thแบฅy ra mรu, chแบฅt vแบฃi mแปm, ฤฦฐแปng may kแปน cรng, ฦฐng lแบฏm",3
399,11995613,14847948,"mแปi ฤแบงu mua thแปญ vรฌ thแบฅy giรก ฦฐu ฤรฃi, hรng chแบฅt lฦฐแปฃng, rแบฅt thรญch",1
400,11995948,14847948,"รo mแบทc mรกt, thแบฅm hรบt mแป hรดi tแปt, tem รกo bรชn trong ฤแปu chแปฏ Nhแบญt, mรu ฤแป ฤรด bรชn hฦกi ฤแบญm chรบt, bao bรฌ ฤรณng gรณi cแบฉn thแบญn",1
401,15010357,14847948,"Vแบฃi mแบทc mรกt, size ฤรบng mแบทc thoแบฃi mรกi. ฤรฃ ฤแบทt hรng mua thรชm shop Nรy",1
402,11995686,14847948,"ฤรฃ mua รกo cแปงa shop nhiแปu lแบงn rแปi, thรดng sแป แปn, bแปฏa mแปi mua combo nแปฏa ฤรณ",2
403,11995948,14847948,"thรญch bแบกn tฦฐ vแบฅn bรชn shop, tฦฐ vแบฅn vui vแบป nรชn mua luรดn 3 cรกi",2
404,16566913,14847948,"chแบฅt vแบฃi ok,sai รกo rแปng hฦกn so vแปi hรฃng khรกc mua ฤแป รฝ phแบงn giแปi thiแปu ฤแป chแปn sai รกo cho chuแบฉn ko mแบฅt cรดng giแบฃ lแบกi",1
405,12179575,14847948,"mรu trแบฏng cแปงa shop khรก ฤแบนp. Vแบฃi mแบทc rแบฅt mรกt, khรดng bแป xรน lรดng, sแบฃn phแบฉm thรฌ OK, rแบฅt hรi lรฒng. Nhฦฐng giao chแบญm quรก.",1
406,21700337,14847948,sแบฃn phแบฃm tแปt,1
407,9151143,14847948,รo ฤแบนp,1
408,11996028,14847948,"Hรng 100% cotton nรชn mแบทc thแบฅm hรบt mแป hรดi, vแบฃi dรy dแบทn khรดng bแป giรฃn . ฤรณng gรณi bao bรฌ cลฉng cแบฉn thแบญn. Ok shop 5*.",1
409,11995613,14847948,"Thรญch รกo nรy cแปฑc, hy vแปng shop ra thรชm nhiแปu mแบซu khรกc ฤแป mรฌnh แปงng hแป tiแบฟp nรจ",2
410,12923088,14847948,Vแบฃi vร may tฦฐฦกng ฤแปi tแปt.,1
411,20282923,108568459,ฤแบทt mรu ฤen giao mรu xรกm.\r\nฤแบทt XXL giao XL sao mแบทc ????????????????????????????????????????????????????????? ??????????????????????????????????????????????????????????????????????????????????????????????????????????????????????????????????????????????????????????????????????????????????????????????????????????????????????????????????????????????????????????????????????????????????????????????????????,1
412,20629927,108568459,Vรฃi tแปt,1
413,18220530,108568459,"shop giao hรng nhanh .mรฌnh mแปi ฤแบทt รกo cแปงa shop hรดm qua mร hรดm nay ฤรฃ nhแบญn ฤฦฐแปฃc hรng rแปi , thรญch quรก . รo mแบทc rแบฅt mรกt fom rแปng thoแบฃi mรกi , chแบฅt vแบฃi mแปm mแปn ฤรบng nhฦฐ shop quแบฃng cรกo .",1
414,18512353,108568459,trong แบฃnh lร vรng ฤแบญm nhฦฐng hรng thรฌ mรu vรng nhแบกt nhฦฐ cรขy kem sแบงu riรชng ๐ chแบฅt liแปu thรฌ tแปt nhฦฐng nhiแปu chแป thแปซa nha!!! tรณm lแบกi ฤฦฐแปฃc . trแปซ 1 sao tแปi mรu kem sแบงu riรชng,1
415,24433428,108568459,Xxl hay lร L แบก xxl nรy nhแป vแบญy mรฌnh cรณ thแป ฤแปi trแบฃ hรng ฤc k แบก,1
416,26081733,108568459,"shop giao sai sแบฃn phแบฉm , yรชu cแบงu ฤแปi hรnh , sแบฃn phแบฉm sai kรญch thฦฐแปc , mแบซu hรฌnh รกo",1
417,16435494,108568459,รกo mแปng nhฦฐ giแบฅy nhรฃo ko mแบทc ฤฦฐแปฃc,1
418,10276770,108568459,"In lem luแปc,vแบฃi ฤแป long. Mong sau tแปt hฦกn",1
419,28193073,108568459,Nhรฌn แบฃnh ฤแบนp thiแปt mร mua vแป nรณ mแปng mร cรฒn nhฤn nheo nแปฏa chแปฉ.,1
420,16128090,108568459,Mua vแป lรm giแบป lau chแปฉ lรm gรฌ mแบทc ฤc,1
421,29141138,108568459,....,1
422,12779365,108568459,"รกo dรญnh vแบฟt bแบฉn, vแบญy shop cลฉng gแปญi dc",1
423,18220427,108568459,sแบฃn phแบฉm chแบฅt lฦฐแปฃng tแปt ฤรณng gรณi cแบฉn thแบญn ฤแบนp giao hรng nhanh. ฤแปnh cแปงa chรณpppppppppppppppppppppppp,1
424,18219404,108568459,"Lแบงn thแปฉ 2 mua hรng แป ฤรขy vร vแบซn ko thแบฅt vแปng. Mรu y hรฌnh, vแบฃi ฤแบนp mรกt, dรy dแบทn.",1
425,7052470,108568459,"รo big size gรฌ mร cรณ chรบt รฉc vแบญy trแปi , mร chฤn cรณ in trรชn รกo size gรฌ cแบฃ trแปi , dแปi gian",1
426,17823460,108568459,"ฤแบนp แบก chแบฅt ฤแบนp loแบกi cotton khรดng quรก dรy, giao hรng nhanh, ฤรณng gรณi cแบฉn thแบญn",1
427,9043170,108568459,"รกo ko giแปng nhฦฐ hรฌnh, nรณ bแป xรน lรดng quรก, nhรฌn nแบฃn lun, 3 sao khuyแบฟn khรญch",1
428,18682520,108568459,vแบฃi k ฤรบng. nhiแปu lรดng. form ok.,1
429,18080909,108568459,"รo ฤแบนp, hรฌnh in ฤแบนp, vรฃi mแปng mแบทc mรกt , shipper thรขn thiแปn, giรก rแบป, giao khรก nhanh ,",1
430,18682520,108568459,vแบฃi ok. ฤรบng mแบซu. giรก tแปt,2
431,24908806,108568459,Shop gแปญi hรng ko ฤรบng sai ฤแบทt 3 รกo 1sai mร gแปญi 2 รกo tแบกm ฤc cรฒn 1 รกo quรก to ko mแบทc ฤc bแป luรดn ๐ก,1
432,28674557,108568459,ฤแบนp nha shop,1
433,17823537,108568459,"รo xinh lแบฏm แบก, chแบฅt vแบฃi hฦกi mแปng, giao hรng nhanh ๐๐ป๐๐ป๐๐ป๐๐ป๐๐ป๐๐ป๐๐ป๐๐ป",1
434,26915727,108568459,giรก vแบญy lร ok rแปi +gรญo hรng nhanh nแปฏa 5sao,1
435,17795557,108568459,Giao khรดng ฤรบng size รกo.......,1
436,18219404,108568459,"Sแบฃn phแบฉm rแบฅt xinh ฤแบนp tuyแปt vแปi, tรดi khรดng thแป trรดng ฤแปฃi gรฌ hฦกn.",2
437,26458828,108568459,rแบฅt tแปt,1
438,18220952,108568459,"ฤรฃ mua vแบฃi vรi lแบงn cแปงa shop. Vแบฃi ฤแบนp rแบฅt ฦฐng รฝ, giao hรng khรก nhanh",1
439,17307092,108568459,รกo xxl mร nhแป quรก mรu cลฉng khรดng ฤแบนp cแบฃm giรกc phรญ tiแปn,1
440,18080909,108568459,รo ฤแบนp mรu vรng giao nhanh xxxxxxxxxxxxxxxxxxxxxxxxxxxxxxxxxx,2
441,16762734,108568459,tรดi chฦฐa nhแบญn ฤฦฐแปฃc hรng mร giao thรnh cรดng lร sau,1
442,10276770,108568459,Mแปฑc in lem khรดng ฤแบนp nhฦฐ hรฌnh mแบซu,2
443,26939082,108568459,"ae ko nรชn mua phรญ tiแปn, ko ฤรบng รกo ฤรขu",1
444,26404489,108568459,รกo nhฦฐ cc ฤแบทt mรu ฤen ra mรu xanh cรฒn รกo mรu vรng vแบฃi nhฦฐ cแปฉc ko nรชn mua,1
445,17853145,108568459,รo ฦฐng รฝ quรก . Chแบฅt lฦฐแปฃng tแปt . Giแปng nhฦฐ hรฌnh.\nPhรน hแปฃp giรก tiแปn.\nGiao hรng nhanh.,1
446,12779365,108568459,vแบฃi nhรฌn vรด nhฦฐ cรกi nรนi giแบป,2
447,27437327,108568459,hรng tแปt,1
448,16317430,108568459,tรดi mua 2 cรกi.cรกi ฤen chแบฅt liแปu khรกc vแปi chiแบฟc mรu trแบฏng .tรดi rแบฅt thแบฅt vแปng,1
449,17550722,108568459,Cแป รกo sao vแบญy. Cแบฃm nhแบญn cแปงa ngฦฐแปi bรกn cรณ chแบฅp nhแบญn dc ko . Tu hiแปu,1
450,23855057,108568459,vรฃi xแบฅu \ngแปญi ko ฤรบng mรu \nchรช,1
451,16317430,108568459,sแบฃn phแบฉm ko tแปt lแบฏm. mua 2 chiแบฟc mร chแบฅt lฦฐแปฃng 2 chiแบฟc khรกc nhau.,2
452,15930864,108568459,lรm giแบป lao rแปi ๐ค.........,1
453,27838358,108568459,Tiแปt dแปi anh OK lแบฏm lun,1
454,26313161,108568459,รo cลฉ cรณ vแบฟt ฤen mแบทc qua nhฤn nรณi chung lร lรm ฤn nhฦฐ cแบทc,1
455,15131327,108568459,Chat vai hoi mong ๐๐๐๐๐๐๐,1
456,18219819,108568459,"ฤแบนp, hรi lรฒng 100%, thรชm ฤiแปm cแปng cho shop vรฌ giao hรng nhanh, ฤรณng gรณi ฤแบนp.",1
457,27564569,108568459,รกo hฦกi dรi ฤแบทc sai M mร hฦกi dรi,1
458,21453184,108568459,"vแบฃi ko ฤc ฤแบนp, tแบกm ฤc",1
459,20725541,108568459,k giรดฬng mรขฬu aฬo maฬu ฤen haฬng giao maฬu xaฬm,1
460,18220530,108568459,"sแบฃn phแบฉm ฤแบนp, giรก rแบป, chuแบฉn khรดng cแบงn chแปnh, แปงng hแป shop nรy vร tiki.",2
461,18220530,108568459,"sแบฃn phแบฉm ฤแบนp, giรก rแบป, chuแบฉn khรดng cแบงn chแปnh, แปงng hแป shop nรy vร tiki.",3
462,26313161,108568459,รo cลฉ kh mua ฤc ฤc mแปi vรi lแบงn thรดi lรm ฤn nhฦฐ cแบทc,2
463,15930864,108568459,vแบฃi xแบฅu . mai ฤรนng chแป nhiแปu,2
464,26385097,108568459,รo ฤแปu vรฃi kkkkkkkkkkkoooo,1
465,18220212,108568459,"Sแบฃm phแบฉm tแปt, shop phแปฅc vแปฅ tแปt, ฤรณng gรณi sแบฃn phแบฉm chแบฏc chแบฏn,,,,",1
466,18220952,108568459,Chแบฅt daฬy dฤฬฃn ฤรกng tiแปn nhaaa,2
467,19147234,108568459,แบขnh thรฌ khรกc ship tแปi nhรฌn nhฦฐ rแบป lau,1
468,17823537,108568459,"รo xinh cแปฑc xinh luรดn, vแป ฤรบng hรดm mรฌnh cแบงn. Mua ฤi mแปi ngฦฐแปi แบก.",2
469,25116857,108568459,k giแปng nhฦฐ hรฌnh thแบฅt vแปng quรก,1
470,11126735,108568459,nรชn mua loแบกi mรu trแบฏng cรฒn ฤen vแปi vรng hok ฤแบนp,1
471,7042294,108568459,รกo ฤฦฐแปฃc quรก,1
472,17853145,108568459,"OK, รกo ฤแบนp, rแบป. Canh ngay ฤแปฃt sale mua vแป bรกn lแบกi quรก Ok luรดn.",2
473,23911490,108568459,"รกo hฦกi ngแบฏn tรญ so vแปi bแป rแปng, mแบทc cลฉng ฤc nhฦฐng ko ฤแบนp lแบฏm",1
474,10943253,108568459,"giแปng vแบฃi khฤn trong nhร tแบฏm, thแบฟ mแปi ฤau",1
475,20149396,108568459,"Hรng Giao Nhanh,Nhฦฐ Mแบซu Nhฦฐng Vรฃi Giแบทt 1,2 Lแบงn Lร Giแบฃng",1
476,26781746,108568459,sao mรu รกo ko giรณng trong hรฌnh,1
477,14947678,108568459,"vs giรก tiแปn thรฌ gแปi lร tแบกm, cลฉng ko mong ฤแปฃi j lแบฏm",1
478,21659793,108568459,khรดng ฤรบng nhฦฐ qc\nvรฃi. xแบฅu .ฤฦฐแปng may แบฉu,1
479,791878,108568459,giao hรng ko giแปng mแบซu sai mรu shop khรดng uy tรญnh,1
480,17550115,108568459,k giแปng hรฌnh j hรชta trฦกn รก,1
481,15630745,108568459,hรฌnh thรฌ thแบฅy ok cรฒn giao hรng thรฌ khรกc hoรn toรn,1
482,13730994,108568459,khรดng hรi lรฒng khรดng tแปt\nchแบฅt lฦฐแปฃng khรดng tแปt,1
483,26458828,108568459,rแบฅt tแปt,2
484,24908806,108568459,Hรng ฤรบng mแบซu nhฦฐng ko ฤรบng sai quรก buแปn ๐ฅ,2
485,10862316,108568459,hรฌnh thรฌ ฤแบนp chแบฅt lฦฐแปฃng thรฌ kรฉm ๐ก,1
486,791878,108568459,giao hรng ko giแปng nhฦฐ mแบซu mร sai size nแปฏa,2
487,9045258,108568459,K ฦฐng cho lแบฏm ๐ฅฒ๐ฅฒ๐ฅฒ\nChแบฅt vแบฃi mแปng,1
488,7350648,108568459,Mรu khรดng giแปng hรฌnh แบฃnh.,1
489,24652251,108568459,"chแบฅt liแปu tแบกm แปn, nhฦฐng chฦฐa cao",1
490,21328159,108568459,ฤแบทt รกo trแบฏng giao รกo mรu ฤแป ฤรบng sแปฃ luรดn,1
491,7845462,108568459,xรขu giao ko ฤรบng hรng.bรกn kรฌ quรก,1
492,26636091,108568459,khรกc hรฌnh quรก chแป mua mแปt lแบงn,1
493,26313161,108568459,รo nhฤn sรน lแบฑm ฤn nhฦฐ cแบทc,3
494,26636091,108568459,dฦก quรก hแบนn ngรy khรดng mua nแปฏa,2
495,11118373,108568459,"giao hรng nhanh, sแบฃn phแบฉm tแบกm",1
496,791878,108568459,quรก tแป giao hรng ko ฤรบng quแบฃng cao,3
497,26210008,108568459,ฤit mแบน mรy รกo nhแป xรญu kรชu xl,1
498,13730994,108568459,khรดng hรi lรฒng chแบฅt lฦฐแปฃng khรดng tแปt,2
499,24734669,108568459,ฤฦฐa sai hangjhdjdjdjdjnznzjJaj,1
500,10862316,108568459,chแบฏc lฦฐแปฃng quรก tแป ๐ก.  ๐,2
501,7350648,108568459,Mua 2 size mร giao 1 giao,2
502,24828297,108568459,ฤแบนp,1
503,896991,108568459,"Mรu tฦฐฦกi, phรน hแปฃp vแปi giรก",1
504,20038054,108568459,sแบฃn phแบฉm ฤแบนp vร rแบป,1
505,13117172,108568459,sแบฃn phแบฉm ฤแบนp,1
506,25991253,108568459,รกo vแบฃi hฦกi giแบฃm nha nรชn 2 sao hoi,1
507,15630745,108568459,รกo giแปg vรฃi len chแปฉ ko nhฦฐ hรฌnh,2
508,24908806,108568459,Mแบซu nรy ฤรบng sai tแบกm ฤc 1 รกo,3
509,25909880,108568459,vแบฃi xแบฅu quรก,1
510,17823354,108568459,tแปi cแปฅc cแปฉc luรดn xแปnn,1
511,13799761,108568459,"รo xแบฅu, vแบฃi xแบฅu, form xแบฅu",1
512,13799761,108568459,"รo xแบฅu, vแบฃi xแบฅu, form xแบฅu",2
513,24461933,108568459,Ok,1
514,24461933,108568459,Ok,2
515,24461933,108568459,Ok,3
516,20038054,108568459,chแบฅt luong ฤแบนp,2
517,26691302,108568459,รกo ฤแบนp. ung รฝ,1
518,18220833,108568459,รกo vแบฃi rแบฅt ฤแบนp xinh lung linh,1
519,26251924,108568459,dang dong tien,1
520,16431946,108568459,tแปt,1
521,16980968,108568459,khรดng hรi lรฒng chรบt nรo ..,1
522,25348810,108568459,vแบฃi mแปng gh chแบญm...........,1
523,25348810,108568459,vแบฃi แปn gh chแบญm : ))))))..,2
524,26160916,108568459,rแบฅt tแปt nha,1
525,26160916,108568459,rแบฅt oke nha,2
526,15702497,108568459,รo ฤแบนp nhฦฐ hรฌnh,1
527,23017130,108568459,hรng tแปt,1
528,12335157,108568459,รo mแบทc dc.,1
529,26915727,108568459,ok,2
530,26069437,108568459,hรng ok dep,1
531,15961587,108568459,rแบฅt hรi lรฒng,1
532,14864971,108568459,ok,1
533,14864971,108568459,ok,2
534,26069437,108568459,hรng ok,2
535,26540082,108568459,thรญch,1
536,25898599,108568459,qua ฤแบนp,1
537,13730994,108568459,khรดng hรi lรฒng,3
538,23597713,108568459,tแปt,1
539,26210008,108568459,Ok,2
540,26585959,108568459,.,1
541,8216094,108568459,ฤแบนp,1
542,24366744,108568459,ok,1
543,18927885,108568459,ok,1
544,24833895,108568459,ok,1
545,25770008,108568459,ฤc,1
546,7059254,103076103,"hรng ฤแบนp, giao nhanh, ฤรณng gรณi ฤแบนp",1
547,20713269,73570874,"Lแปซa ฤแบฃo! ฤแบทt cam ฤแบฅt( mรu bรฒ) mร gแปญi mรu hแปng, ฤแบทt size M thรnh freesize, cแป trรฒn thรnh cแป tim, cแป bแบป",1
548,20713269,73570874,"Lแปซa ฤแบฃo! รo cแป trรฒn size M lแบกi gแปญi hรng freesize, ฤแบทt 2 cแป trรฒn thรnh 1 bแบป 1 trรกi tim...kkk...Dรนng lรm khฤn lau chรนi khรดng biแบฟt cรณ thแบฅm nฦฐแปc ฤฦฐแปฃc khรดng nแปฏa!",2
549,1002652,73570874,"Khรดng biแบฟt lร shop bรกn ฤแป secondhand hay lร sao? Nhฦฐng dรน cรณ lร secondhand thรฌ cลฉng nรชn giแบทt sแบกch sแบฝ trฦฐแปc khi giao cho khรกch hรng. Mรฌnh mua cลฉng khรก lรขu, nay mแป hแปp ra dรนng thรฌ phรกt hiแปn ra ฤแป dรญnh dฦก rแบฅt nhiแปu, giแป ฤem giแบทt cลฉng khรดng biแบฟt cรณ sแบกch ฤฦฐแปฃc khรดng nแปฏa. Thiแปt buแปn quรก mร...",1
550,1002652,73570874,"Khรดng biแบฟt lร shop bรกn ฤแป secondhand hay lร sao? Nhฦฐng dรน cรณ lร secondhand thรฌ cลฉng nรชn giแบทt sแบกch sแบฝ trฦฐแปc khi giao cho khรกch hรng. Mรฌnh mua cลฉng khรก lรขu, nay mแป hแปp ra dรนng thรฌ phรกt hiแปn ra ฤแป dรญnh dฦก rแบฅt nhiแปu, giแป ฤem giแบทt cลฉng khรดng biแบฟt cรณ sแบกch ฤฦฐแปฃc khรดng nแปฏa. Thiแปt buแปn quรก mร...",2
551,1002652,73570874,"Khรดng biแบฟt lร shop bรกn ฤแป secondhand hay lร sao? Nhฦฐng dรน cรณ lร secondhand thรฌ cลฉng nรชn giแบทt sแบกch sแบฝ trฦฐแปc khi giao cho khรกch hรng. Mรฌnh mua cลฉng khรก lรขu, nay mแป hแปp ra dรนng thรฌ phรกt hiแปn ra ฤแป dรญnh dฦก rแบฅt nhiแปu, giแป ฤem giแบทt cลฉng khรดng biแบฟt cรณ sแบกch ฤฦฐแปฃc khรดng nแปฏa. Thiแปt buแปn quรก mร...",3
552,13822026,73570874,"Chon size L ban M , mau vang nhan mau do",1
553,5805393,73570874,Sแบฃn phแบฉm ฤรฃ mua. chแบฅt lฦฐแปฃng tแปt. ฤรกnh giรก chแป mang tรญnh chแบฅt nhแบญn xu. cแบฃm ฦกn cรกc bแบกn. mฦฐa to quรก. Tiki free ship. Mua rแบฅt nhiแปu mร ko lo phรญ ship,1
554,5805393,73570874,Sแบฃn phแบฉm ฤรฃ mua. chแบฅt lฦฐแปฃng tแปt. ฤรกnh giรก chแป mang tรญnh chแบฅt nhแบญn xu. cแบฃm ฦกn cรกc bแบกn. mฦฐa to quรก. Tiki free ship. Mua rแบฅt nhiแปu mร ko lo phรญ ship,2
555,5805393,73570874,Sแบฃn phแบฉm ฤรฃ mua. chแบฅt lฦฐแปฃng tแปt. ฤรกnh giรก chแป mang tรญnh chแบฅt nhแบญn xu. cแบฃm ฦกn cรกc bแบกn. mฦฐa to quรก. Tiki free ship. Mua rแบฅt nhiแปu mร ko lo phรญ ship,3
556,20713269,73570874,"Lแปซa ฤแบฃo! ฤแบทt ฤen mร gแปญi mรu hแปng, ฤแบทt size M thรnh freesize, cแป trรฒn thรnh cแป tim, cแป bแบป",3
557,13435038,73570874,"ฤแป nhฦฐ bรกn ฤแป cแปง ( hรng sida), mua 2 รกo cรนng mแปt loแบกi vแบฃi, mรu lแบกi giao hรng thรnh 2 loแบกi khรกc nhau",1
558,5805393,73570874,Sแบฃn phแบฉm ฤรฃ mua. chแบฅt lฦฐแปฃng tแปt. ฤรกnh giรก chแป mang tรญnh chแบฅt nhแบญn xu. cแบฃm ฦกn cรกc bแบกn. mฦฐa to quรก. Tiki free ship. Mua rแบฅt nhiแปu mร ko lo phรญ ship,4
559,5433032,73570874,Giao hรng khรดng ฤรบng mรu vรng bรฒ ฤรฃ chแปn. Mua 4 cรกi รกo cรนng loแบกi chแปn 4 mรu khรกc nhau nhฦฐng nhแบญn ฤฦฐแปฃc 4 cรกi chแบฅt liแปu vแบฃi hoรn toรn khรกc nhau luรดn.,1
560,5805393,73570874,Chแบฅt lฦฐแปฃng sแบฃn phแบฉm tแปt Tiki ฤรณng gรณi vร giao hรng nhanh. Nhรขn viรชn tฦฐ vแบฅn tuyแปt vแปi. Yรชu TiKi vรฌ cรณ tiki now ko phแบฃi lo phรญ vแบญn chuyแปn,5
561,7059254,73570874,"mรฌnh tฦฐแปng รกo thun mแบทc nhร cho nam nhฦฐng khi nhแบญn thรฌ hai รกo lร hai loแบกi vแบฃi khac nhau , mแปt cรกi mแปng mแปt cรกi day nรณng khรดng phรน hแปฃp cho nam nรชn mรฌnh cho chรกu gรกi rแปi thay vรฌ tรญnh mua cho chรกu trai๐",1
562,437275,73570874,"ฤแบทt size XL giao cรกi รกo nhแป xรญu, ko cรณ may mรกc size vร nhฦฐ รกo form nแปฏ nแปฏa. Nแบฟu lร รกo free size thรฌ nรชn ghi rรต, bรกn nhฦฐ lแปซa dแปi KH. ฤแป nghแป trแบฃ hรng cho shop.",1
563,23107112,73570874,"mua 4 ao, nhung chi giao 3 ao khong dung size, 2cai qua *** con 1 cai thi qua nho, neu khong co thi bao dung giao vay mat uy tin qua",1
564,9163271,73570874,"Nhร bรกn hรng dแปi trรก: khรดng phแบฃi cotton mร lร thun quรก mแปng; size khรดng vแปซa, 2xl mร nhแป quรก khรดng mแบทc vแปซa, mua uแปng tiแปn.",1
565,6467682,73570874,ฤแบทt รกo mรu vรng nhฦฐng nhแบญn dc ko phแบฃi lร mรu vรng. \r\nฤแบทt size L nhฦฐng nhแบญn dc lร size M.\r\n1 sao ezpz,1
566,17823460,73570874,Chแบฅt lฦฐแปฃng sแบฃn phแบฉm tuyแปt vแปi Tuyแปt vแปi\r\nฤรณng gรณi sแบฃn phแบฉm rแบฅt ฤแบนp vร chแบฏc chแบฏn luรดn แบฅy\r\nShop phแปฅc vแปฅ rแบฅt tแปt ฤรณ nha\r\nThแปi gian giao hรng rแบฅt nhanh,1
567,5505198,73570874,ฤแบถT 3 CรI รO THUN ฤEN Mร GIAO Cร 1 CรI TรNH TIแปN 3 CรI Lร SAO Dแป,1
568,5805393,73570874,Sแบฃn phแบฉm ฤรฃ mua. chแบฅt lฦฐแปฃng tแปt. ฤรกnh giรก chแป mang tรญnh chแบฅt nhแบญn xu. cแบฃm ฦกn cรกc bแบกn. mฦฐa to quรก. Tiki free ship. Mua rแบฅt nhiแปu mร ko lo phรญ ship,6
569,20114628,73570874,"ฤแบทt รกo size M, giao cรกi รกo khรดng cรณ ghi rรต size rแปng hฦกn รกo xxl nแปฏa, รกo thรฌ dรญnh mรu, vแบฃi thรฌ giรฃn, kรฉm chแบฅt lฦฐแปฃng, mแบทc xแป muแปn tแปi ฤแบงu gแปi. Shop khรดng uy tรญn xแปฉng ฤรกng nhแบญn 1* nhรฉ.",1
570,16113690,73570874,"Chแบฅt lฦฐแปฃng vฦฐแปฃt tแบงm giรก, lรขu lแบฏm rแปi mแปi cรณ mแปt thฦฐฦกng hiแปu thแปi trang lรm mรฌnh hรi lรฒng ฤแบฟn vแบญy\nSแบฝ แปงng hแป brand nhiแปu hฦกn nแปฏa. Giแป em ฤi ฤiแปn thoแบกi mแปi cรกi ฤรฃ, cรกi nรy hแบฟt pin rแปi",1
571,18220833,73570874,"Lแบงn trฦฐแปc cรณ mua cแปงa shop 3 cรกi รกo trแบฏng thแบฅy khรก lร ฦฐng, lแบงn nรy  mua thรชm 2 cรกi trแบฏng \n nแปฏa vแบซn ฤแบนp y nhฦฐ lแบงn trฦฐแปc, sแบฝ แปงng hแป shop vรo lแบงn sau",1
572,1120136,73570874,"Chแบฅt liแปu vแบฃi - rแบป nhฦฐ cรกi giรก cแปงa nรณ.\r\nSแบฃn phแบฉm khรดng ฤแป size. Hรng thแปฑc tแบฟ rแบฅt nhแป, chแป bแบฑng size S.",1
573,28628722,73570874,Tแปt vแบฃi mแปm,1
574,16350155,73570874,ฤแบทt mรu vรg giao mรo hแปng sezi xl lแบกi giao nhแป xรญu,1
575,8173393,73570874,Mรฌnh dแบทt mua 2 cรกi mร shop gแปงi cรณ mแปt vรกi vแบญy,1
576,23310531,73570874,Khรดng giแปng hรฌnh quแบฃng cรกo mแปt tแบนo nรo hแบฟt,1
577,8135564,73570874,Chแบฅt lฦฐแปฃng giรก rแบป vแปซa รฝ lแบฏm,1
578,8135564,73570874,Hรng ฤแบนp giรก hแปฃp lรฝ vแปซa lรฒng,2
579,8135564,73570874,Hรng ฤแบนp giรก hแปฃp lแป cแบฃm ฦกn,3
580,23310531,73570874,"Giao รกo cแปงa nแปฏ, chแบฅt lฦฐแปฃng tแบงm thฦฐแปng",2
581,18219404,73570874,"ฤแป ฤแบนp , rแบฅt lร ฦฐng luรดn nha shop.\r\nChแบฅt lฦฐแปฃng sแบฃn phแบฉm tuyแปt vแปi \r\nฤรณng gรณi sแบฃn phแบฉm rแบฅt ฤแบนp vร chแบฏc chแบฏn",1
582,13428093,73570874,"Hรng mแบทc mรกt, chแบฅt lฦฐแปฃng แปn trong phรขn khรบc giรก rแบป. Thanks shop",1
583,27168343,73570874,รกo nhฦฐ cรกi mรนng vรฃi thฦฐa nhฦฐ mรนng lแบกi cรฒn giรฃn cแบงm nhแบน thรดi ฤรฃ giรฃn lแป hแบฟt vรนng รกo ae mua cแบงn lฦฐu รฝ,1
584,18220338,73570874,"Hรng rแบฅt ฤแบนp , rแบฅt ฦฐng รฝ \r\nรo mแบทc rแบฅt mรกt , khรดng quรก mแปng \r\nSแบฝ แปงng hแป shop tiแบฟp",1
585,27937763,73570874,tแบกm ฤฦฐแปฃc. ฤฦฐแปng may vแบซn hฦกi lรฒi chแป.,1
586,12651861,73570874,"khรดng phแบฃi hรng cotton. mแบทt trong sแบงn sรนi lแบฏm.lรดng. May xแบฅu, แบฉu lแบฏm",1
587,8135564,73570874,รo ฤแบนp lแบฏm cแบฃm ฦกn,4
588,8135564,73570874,Quรก ฤแบนp cแบฃm ฦกn,5
589,1297280,73570874,"Shop lแปซa ฤแบฃo, hรng bรกn vร hรng thแปฑc tแบฟ ko ฤรบng",1
590,18319469,73570874,Khรดng ฤรบng mรด tแบฃ. Quแบฃng cรกo mแปt ฤฦฐแปng giao hรng mแปt nแบปo,1
591,9696067,73570874,shop lรm ฤn lแปซa ฤแบฃo yรชu cแบงu hoรn trแบฃ lแบกi hรng,1
592,18964427,73570874,Bรกn hรng lแปซa ฤแบฃo. ฤแบทt 4 cรกi รกo thung mร giao cรณ 1 cรกi khuyรชn mแปi ngฦฐแปi ฤแปซng bao giแป mua hรng cแปงa shop nรy,1
593,18220427,73570874,รo y nhฦฐ hรฌnh nha mแปi ngฦฐแปi form rแบฅt lร ok  vแบฃi mแบทc mรกt nรณi chung nรชn mua,1
594,18319469,73570874,Quแบฃng cรกo mแปt ฤฦฐแปng giao hรng mแปt nแบปo. Thแบญt tแป,2
595,1771841,73570874,quรก tแป. รกo rรกch lแปงng lแป nhฦฐ cรกi giแบป,1
596,323801,73570874,"Hฦกi chแบญt so vแปi size, chแบฅt thun cลฉng tแบกm chแบฅp nhแบญn ฤc, hฦกi khรด rรกp vร mแปng.",1
597,14102246,73570874,Chแบฅt lฦฐแปฃng ฤรบng vแปi giรก tiแปn,1
598,9696067,73570874,Giao nhแบงm size m thรnh size l mong tiki ฤแปi แบก,2
599,20571389,73570874,"รกo chแบฅt vแบฃi ฤแป lรดng, vแบฃi quรก xแบฅu.",1
600,17498960,73570874,tiแปn nรo cแปงa nแบฅy vแบฃi mแปng dแป nhฤn giแบทt mร vแบฏt khรด phฦกi nแบฏng lร ฤรณng cแปฅc nhฦฐ dแบฝ lau nhร,1
601,20298709,73570874,Quรก xแบฅu vแบฃi quรก tแป . Giแบทt 1 2 lแบงn ฤรฃ giรฃn . Thแบฅt vแปng vแป sp,1
602,13076184,73570874,"รo ฤแบนp, giao hรng tiki now max nhanh, shop khuyแบฟn mรฃi giรก rแบป quรก hแปi, mong shop lรm nhiแปu chฦฐฦกng trรฌnh khuyแบฟn mรฃi hฦกn nแปฏa, cแบฃm ฦกn shop",1
603,13076184,73570874,"รo ฤแบนp, giao hรng tiki now max nhanh, shop khuyแบฟn mรฃi giรก rแบป quรก hแปi, mong shop lรm nhiแปu chฦฐฦกng trรฌnh khuyแบฟn mรฃi hฦกn nแปฏa, cแบฃm ฦกn shop",2
604,13076184,73570874,"รo ฤแบนp, giao hรng tiki now max nhanh, shop khuyแบฟn mรฃi giรก rแบป quรก hแปi, mong shop lรm nhiแปu chฦฐฦกng trรฌnh khuyแบฟn mรฃi hฦกn nแปฏa, cแบฃm ฦกn shop",3
605,13076184,73570874,"รo ฤแบนp, giao hรng tiki now max nhanh, shop khuyแบฟn mรฃi giรก rแบป quรก hแปi, mong shop lรm nhiแปu chฦฐฦกng trรฌnh khuyแบฟn mรฃi hฦกn nแปฏa, cแบฃm ฦกn shop",4
606,13076184,73570874,"รo ฤแบนp, giao hรng tiki now max nhanh, shop khuyแบฟn mรฃi giรก rแบป quรก hแปi, mong shop lรm nhiแปu chฦฐฦกng trรฌnh khuyแบฟn mรฃi hฦกn nแปฏa, cแบฃm ฦกn shop",5
607,13076184,73570874,"รo ฤแบนp, giao hรng tiki now max nhanh, shop khuyแบฟn mรฃi giรก rแบป quรก hแปi, mong shop lรm nhiแปu chฦฐฦกng trรฌnh khuyแบฟn mรฃi hฦกn nแปฏa, cแบฃm ฦกn shop",6
608,13076184,73570874,"รo ฤแบนp, giao hรng tiki now max nhanh, shop khuyแบฟn mรฃi giรก rแบป quรก hแปi, mong shop lรm nhiแปu chฦฐฦกng trรฌnh khuyแบฟn mรฃi hฦกn nแปฏa, cแบฃm ฦกn shop",7
609,13076184,73570874,"รo ฤแบนp, giao hรng tiki now max nhanh, shop khuyแบฟn mรฃi giรก rแบป quรก hแปi, mong shop lรm nhiแปu chฦฐฦกng trรฌnh khuyแบฟn mรฃi hฦกn nแปฏa, cแบฃm ฦกn shop",8
610,13076184,73570874,"รo ฤแบนp, giao hรng tiki now max nhanh, shop khuyแบฟn mรฃi giรก rแบป quรก hแปi, mong shop lรm nhiแปu chฦฐฦกng trรฌnh khuyแบฟn mรฃi hฦกn nแปฏa, cแบฃm ฦกn shop",9
611,12567447,73570874,Hรng rแบฅt lร ok luรดn sแบฝ แปงng hแป dรi dรi,1
612,21026016,73570874,"Mรฌnh ฤแบทt hรng ghi rรต size XL mร shop giao cรกi รกo con nรญt lแปp 2,3 mแบทc lร sao",1
613,27848605,73570874,delll hแปu lร cรกi j ฤแบทt nรy giao kia saze thรฌ ra ฤรขu ko,1
614,8817256,73570874,hรng gแปญi vแป khรดng nhฦฐ รฝ. mua 3 รกo size Xl mร chแป cรณ 2 cรฒn 1 size S. Mรu khรดng giแปng hรฌnh.,1
615,14854807,73570874,"chแบฅt liแปu k tแปt, รกo mแปng, chแป thรญch hแปฃp dรนng ฤแป mแบทc lรณt",1
616,18220952,73570874,Hรng ok lแบฏm แบก chแบฅt vแบฃi cลฉng ฤแบนp nรณi chung lร rแบฅt ฤรกng,1
617,23406057,73570874,Mua hรng shop nรy 1 lแบงn sแบฝ ko bao giแป mua lแบกi lแบงn 2. Thun thรฌ ฤฦฐแปฃc. Mร gแปญi mแบซu tรนm lum lแบฏm. Ko nhฦฐ yรชu cแบงu cแปงa khรกch,1
618,18220530,73570874,Shop giao hรng nhanh. ฤรณng gรณi cแบฉn thแบญn. รo co giรฃn. Mรu ฤรบng nhฦฐ แบฃnh,1
619,6793534,73570874,Thun mแปng phรน hแปฃp vแปi sแป tiแปn bแป ra,1
620,13152139,73570874,mแปt sแบฃn phแบฉm tuyแปt vแปi cแบฃ vแป chแบฅt lฦฐแปฃng lแบซn cรกc giao hรng tฦฐ vแบฅn cแปงa shop,1
621,18319469,73570874,Xแบฅu khรดng diแปn ra nรชn lแปi. Thแบญt tแป,3
622,10341141,73570874,"รo co dรฃn nhฦฐ ฤรฃ qua dแปญ dแปฅng , cรณ chแป rรกch , mรฌnh mua vแป tiแปn ฤem ฤi lau bรn ghแบฟ luรดn",1
623,10341141,73570874,"รo nhแบญn dc mรu sแปฏa nรขu chแปฉ k phแบฃi mรu trแบฏng nhฦฐ ฤรฃ ฤแบทt, tiแปn tay ฤem ฤi lau nhร .",2
624,27168343,73570874,รกo j mร nhฦฐ cรกi mรนng vแบญy vแบฃi thฦฐa lแบกi cรฒn giรฃn ae lฦฐu รฝ khi mua hรng,2
625,27319736,73570874,"thun quรก tแป, size XXL mร ngฦฐแปi 55kg mแบทc chแบญt nรญch.",1
626,15023098,73570874,Tiแปn nรo cแปงa ฤรณ\r\nKhรดng trรกch ฤc shop,1
627,10544832,73570874,mua ao nguoi *** giao dรฒ em bรฉ sao mat  chan cai shop nay thiet,1
628,20298709,73570874,Chแบฅt lฦฐแปฃng quรก tแป . Vแบฃi quรก xแบฅu dแป giรฃn,2
629,14102246,73570874,Giรก rแบป,2
630,14102246,73570874,Giรก rแบป,3
631,14102246,73570874,Giรก rแบป,4
632,1850088,73570874,"sแบฃn phแบฉm chแบฅt lฦฐแปฃng, kรจm  hแปp ฤแปฑng sang trแปng , nhรฌn hแปp rแบฅt ฤแบนp",1
633,8632393,73570874,"Khรดng hiแปu sao รกo bแป cแบฏt tem, cรฒn bแป thแปงng nแปฏa chแปฉ",1
634,17274953,73570874,"รกo ko nhฦฐ hรฌnh,chแบฅt liแปu khรกc.ฤแปซng mua",1
635,17757424,73570874,"Giao ฤรบng ฤแปง sแป lฦฐแปฃng, giao hรnh nhanh, ฤรณng gรณi cแบฉn thแบญn, hรi lรฒng vแป chแบฅt lฦฐแปฃng sแบฃn phแบฉm",1
636,14964184,73570874,"quรก nhแป, khรดng ฤรบng size XXL, kรญch thฦฐแปc khรดng giแปng nhau.",1
637,26310772,73570874,giao hรng nhanh \nsแบฃn phแบฉm hแปฃp giรก tiแปn,1
638,7687407,73570874,"mรu vรng bรฒ, mรu xanh thiรชn thanh!",1
639,20670435,73570874,Sz M mร rแปng nhฦฐ sz L vร Xl,1
640,13796340,73570874,"thรขฬt voฬฃng. maฬu k nhฦฐ hiฬnh/ chรขฬt liรชฬฃu nhaฬo/ nhiรชฬu vรชฬt รดฬ vaฬng,",1
641,18034701,73570874,Khรดng ฤรบng hรng nรชn nhแป ฤแปi lแบกi mรu sรกm XXL loแบกi to cแปงa nam แบก! Xin cรกm ฦกn,1
642,17195572,73570874,"Sรกch ฤแบนp, rแบฅt thรญch mua sรกch cแปงa tiki, dแบนp, sale rแบป, giao nhanh, nรณi chung cแปฑc kแปณ ฦฐng รฝ luรดn",1
643,19774514,73570874,hฦกi nรณng vร ko thแบฅm mแป hรดi,1
644,18220530,73570874,"sแบฃn phแบฉm ฤแบนp, giรก rแบป, chuแบฉn khรดng cแบงn chแปnh, แปงng hแป shop nรy vร tiki.",2
645,24799780,73570874,vแบฃi kรฉm chแบฅt lฦฐแปฃng .khรดng nรชn mua,1
646,14410683,73570874,mรu vรng bรฒ nhฦฐng quรก tแปi ra ngoรi mรu ฤแบญm hฦกn nhรฌu giแปng mรu nรขu,1
647,13800384,73570874,ok,1
648,7687407,73570874,"sai mรu, khรกc vแปi hรฌnh ฤฤng, khac xa hoan toan, hoi buแปn",2
649,15112955,73570874,"Giรก rแบป , hรng ok",1
650,11161324,73570874,cccccccccc cccccccccc cccccccccc cccccccccc,1
651,17566343,73570874,"mua sale nรชn rแบฅt hรi lรฒng, vแบฃi ฤแบนp,mรu xanh cลฉng rแบฅt ฤแบนp,hแปฃp vแปi chแปng mรฌnh,5 sao",1
652,9033726,73570874,vแบฃi ฤแบนp ฤรกng mua.,1
653,13041875,73570874,shop cแบงn cแบฃi thiแปn nแบฟu khรดng muแปn sแบญp tiแปm!!!,1
654,26615359,73570874,"Rแบฅt hรi lรฒng, thk",1
655,18219819,73570874,Vแบฃi รกo แปn. ฤฦฐแปng may ฤแบนp,1
656,7769131,73570874,"kรฉm, sai mรu, form xแบฅu, vแบฃi giรฃn nhรu nรกt luรดn",1
657,17195572,73570874,"Bรบt siรชu cute luรดn, mรu vรng nhรญ nhแบฃnh, mแปฑc รชm, hรฌnh cฦฐng xแปu luรดn, cแปฅc kแปณ vแปซa รฝ",2
658,9033726,73570874,"vแบฃi, from OK, ฤแบนp.",2
659,9033726,73570874,"vแบฃi, from OK, ฤแบนp.",3
660,23133150,73570874,ao ko co sezi xxl ma  mac ko duoc qua nho,1
661,24799780,73570874,chแบฅt vแบฃi kรฉm. khรดng nรชn mua,2
662,18220530,73570874,"รกo ฤแบนp, chแบฅt vแบฃi khรดng bแป nhรฃo khi giแบทt.",3
663,24899721,73570874,ฤแบนp,1
664,27059547,73570874,รกo ฤแบนp nhฦฐng giao lแปn 2 cรกi size nhแป,1
665,18906860,73570874,"รกo ฤแบนp , vแบฃi tแปt nhฦฐng ฤฦฐแปng chแป may cแบฉu thแบฃ",1
666,19012388,73570874,Khรดng phแบฃi cotton nรชn mแบทc nรณng,1
667,19508714,73570874,"Shop lรm ฤn nhฦฐ hแบกch vแบญy, mua mแบซu nรy ฤi gแปญi mแบซu kia",1
668,11522340,73570874,"vแบฃi hฦกi mแปng, tiแปn nรo cแปงa nแบฅy nhแป",1
669,11522340,73570874,"vแบฃi hฦกi mแปng, tiแปn nรo cแปงa nแบฅy nhแป",2
670,11522340,73570874,"vแบฃi hฦกi mแปng, tiแปn nรo cแปงa nแบฅy nhแป",3
671,11522340,73570874,"vแบฃi hฦกi mแปng, tiแปn nรo cแปงa nแบฅy nhแป",4
672,11522340,73570874,"vแบฃi hฦกi mแปng, tiแปn nรo cแปงa nแบฅy nhแป",5
673,11522340,73570874,"vแบฃi hฦกi mแปng, tiแปn nรo cแปงa nแบฅy nhแป",6
674,23371217,73570874,"ฤแบทt รกo nam size XXL giao รกo ฤแปฉa con gรกi 52 kรฝ mแบทc cรฒn chแบญt, thแบฅt vแปng",1
675,1107086,73570874,Chแบฅt lฦฐแปฃng vแบฃi quรก tแป. รo sau khi giแบทt bแป giรฃn,1
676,1107086,73570874,Chแบฅt lฦฐแปฃng vแบฃi quรก tแป. รo sau khi giแบทt bแป giรฃn,2
677,1107086,73570874,Chแบฅt lฦฐแปฃng vแบฃi quรก tแป. รo sau khi giแบทt bแป giรฃn,3
678,5783072,73570874,Ok,1
679,40575,73570874,sp tแปt,1
680,40575,73570874,sp tแปt,2
681,19687532,73570874,Hรng ฤรบng mรด tแบฃ,1
682,7626196,73570874,"รo vแปซa vแบทn, chแบฅt vแบฃi ฤแบนp, mแบทc mรกt vร thแบฅm mแป hรดi tแปt ????",1
683,10424748,73570874,giao haฬng nhanh .thun mฤฬฃc mat,1
684,17853145,73570874,"รกo ฤแบนppppppppppppppp,cแบฃm ฦกn shop,thแบญt chแบฅt lฦฐแปฃng",1
685,17498960,73570874,vแบฃi kรฉm ..tiแปn nรo cแปงa nแบฅy,2
686,18064668,73570874,"vแบฃi mแบทc khรก mรกt cรณ ฤiแปu ฤแบทt nhแบงm cแปก mแบทc rแปng, chแบฅt lฦฐแปฃng vแบฃi ok vแบซn cho full sao",1
687,18079521,73570874,Sแบฃn phแบฉm chแบฅt lฦฐแปฃng,1
688,26221549,73570874,hรng xแบฅu ko ฤรบng mแบซu ฤแบทt lแปn size,1
689,15688739,73570874,"sแบฃn phแบฉm khรก ok. tiki ฤรณng gรณi cแบฉn thแบญn, giao hรng nhanh. thanks tiki",1
690,15688739,73570874,"sแบฃn phแบฉm khรก ok. tiki ฤรณng gรณi cแบฉn thแบญn, giao hรng nhanh. thanks tiki",2
691,15688739,73570874,"sแบฃn phแบฉm khรก ok. tiki ฤรณng gรณi cแบฉn thแบญn, giao hรng nhanh. thanks tiki",3
692,15688739,73570874,"sแบฃn phแบฉm khรก ok. tiki ฤรณng gรณi cแบฉn thแบญn, giao hรng nhanh. thanks tiki",4
693,14778394,73570874,"Khรดng ฤรบng size khรดng giแปng แบฃnh, chแบฅt liแปu vแบฃi quรก xแบฅu",1
694,7769131,73570874,"xรขu, vแบฃi xแบฅu, form xแบฅu แบก.",2
695,15688739,73570874,"sale giรก tแปt, chแบฅt lฦฐแปฃng sแบฃn phแบฉm ok. giao hรng nhanh.thanks tiki",5
696,24262918,73570874,"รกo ko giแปng mแบฉu, lรm giแบป lau thรฌ ฤc...",1
697,15426886,73570874,rแบฅt ko hรi lรฒng. gแปญi toรn ฤแป con nรญt ko ak.,1
698,22043079,73570874,vแบฃi dแป bแป co rรบt khรดng tแปt,1
699,18080909,73570874,Cotton co dแบซn rแบฅt tแปt,1
700,9723963,73570874,tแปt,1
701,9723963,73570874,tแปt,2
702,9723963,73570874,tแปt,3
703,1716332,73570874,"hฦกi rแปng 1 chรบt, nรชn ace chแป size giแบฃm 1 mแปฉc lร ฤc",1
704,25736578,73570874,รกo hฦกi bแบฉn giao ฤรบng hรng,1
705,7710681,73570874,"mua รกo nam giao รกo nแปฏ, chรกn chแบฃ muแปn nรณi.",1
706,18220212,73570874,"รกo thoแบฃi mรกi,a ngiu mk rแบฅt thรญch cแบฃ ฦกn shop",1
707,10544832,73570874,ao be 10 tuoi mat k vua sao nguoi lon mat vua,2
708,8222726,73570874,Sแบฃn phแบฉm tแปt,1
709,10424748,73570874,giao haฬng nhanh,2
710,10424748,73570874,giao haฬng nhanh,3
711,26221549,73570874,quรก tแป hรng xแบฅu kem chat luong,2
712,26221549,73570874,รกo xแบฅu quรก tแป kรฉm chat luong,3
713,22043079,73570874,tแบฅm แปn trong giรก tiแปn,2
714,22449658,73570874,nhแบงm size tรดi ฤแบทt XXL mร ra XL,1
715,7012725,73570874,"sแบฃn phแบฉm tแปt , rแบฅt ฤรกng ฤแปng tiแปn bรกt gแบกo",1
716,15856898,73570874,Chแบฅt liแปu vรฃi kรฉm chแบฅt lฦฐแปฃng. Mua vแป khรดng dรนng ฤฦฐแปฃc.,1
717,15647551,73570874,รกo nhแบญn ko nhฦฐ hรฌnh chup.......,1
718,1031725,73570874,"Sแบฃn phแบฉm kรฉm chแบฅt lฦฐแปฃng, quรก thแบฅt vแปng",1
719,15647551,73570874,รกo nhแบญn khรดng nhฦฐ hรฌnh chแปฅp,2
720,16717794,73570874,ฤรบng nhฦฐ mรด tแบฃ,1
721,24367029,73570874,hรng oke,1
722,26221549,73570874,xau kem chat luong quรก tรช,4
723,22043079,73570874,OK vแปi giรก tiแปn,3
724,15650776,73570874,"Mรฌnh mแบทc size L nhฦฐng size L cแปงa shop khรก to, khรดng biแบฟt mรฌnh cรณ thแป ฤแปi ฤc k nhแป ?",1
725,18220427,73570874,"รกo  rแบฅt ฤแบนp, thoแบฃi mรกi vแบฃi ok",2
726,18220338,73570874,"รกo mแบทc thoแบฃi mรกi,lรชn from chuแบฉn",2
727,20596971,73570874,tแป,1
728,19763001,73570874,dep,1
729,19763001,73570874,dep,2
730,19763001,73570874,dep,3
731,14410683,73570874,"giao khรกc loแบกi, รกo thun giรy",2
732,22438511,73570874,khรดng ฤรบng mรu vแปi chแบฅt liแปu vแบฃi khรดng giแปng trong hรฌnh,1
733,1037874,73570874,"Nรณi chung ghi chแบฅt cotton mร mแบทc khรก nรณng, ko thoรกt mแป hรดi, rแบฅt khรณ chแปu.",1
734,13954451,73570874,"Giao hรng rแบฅt nhanh, sแบฃn phแบฉm ok rแบฅt แปn so vแปi giรก tiแปn",1
735,16914441,73570874,"Giao hรng nhanh, ฤรณng gรณi chแบฏc chแบฏn. ???????????",1
736,16914441,73570874,"Giao hรng nhanh, ฤรณng gรณi chแบฏc chแบฏn. ???????????",2
737,11229095,73570874,Gแปi nhแบงm รกo nแปฏ vร size quรก nhแป,1
738,13312043,73570874,"Ok ,tรดi hรi lรฒng",1
739,19360701,73570874,"Giao hรng hฦกi chแบญm, hรng cลฉng ok",1
740,16113690,73570874,Chแบฅt lฦฐแปฃng vฦฐแปฃt tแบงm giรก,2
741,15297425,73570874,Khรดng giแปng nhฦฐ trong hรฌnh,1
742,15297425,73570874,Khรดng giแปng nhฦฐ trong hรฌnh,2
743,16087032,73570874,giรก tแปt,1
744,11900957,73570874,vรฃi mแปng quรก ฤi thรดi nha .,1
745,15545661,73570874,giao ko ฤรบng size 2234445ggvb,1
746,15297425,73570874,ฤรบng nhฦฐ trong hรฌnh,3
747,21877066,73570874,mรฃ sแป ko ฤรบng theo ngฦฐแปi ฤแบทt hรng,1
748,19914859,73570874,vแปซa ฤแบนp vs rแบป....ba tรดi rแบฅt thik รกo ฤรณ,1
749,19194368,73570874,Giao sai sแบฃn phแบฉm............,1
750,1037874,73570874,"Cho 1 sao, chแบฅt lฦฐแปฃng รกo khรก tแป, tiแปn nรo cแปงa nแบฅy :)",2
751,1037874,73570874,"Mua 4 mรu, mรu nรy chรกn nhแบฅt, vแบฃi mแบทc khรณ chแปu nhแบฅt.",3
752,26123443,73570874,ok,1
753,19763001,73570874,gia tot,4
754,17752992,73570874,ok,1
755,1716332,73570874,Thรชm แบฃnh,2
756,1716332,73570874,Thรชm แบฃnh,3
757,7960713,73570874,"Hรng ฤแบนp , chแบฅt liแปu vแบฃi tแปt . Khรดng cรฒn gรฌ ฤแป chรช",1
758,1662127,73570874,"Giao hรng rแบฅt nhanh (do hแป trแปฃ TikiNow), รกo mแบทc thoรกng mรกt.",1
759,11959654,73570874,Hรng ko ฤรบng mรด tแบฃ chแบฅt liแปu,1
760,12142103,73570874,Ok,1
761,12142103,73570874,Ok,2
762,12142103,73570874,Ok,3
763,12142103,73570874,Ok,4
764,12142103,73570874,Ok,5
765,12142103,73570874,Ok,6
766,22438511,73570874,khรดng ฤลฉng mแบซu cho lแบฏm ...,2
767,14335742,73570874,"Chแบฅt nรณng, mแบทc mรนa hรจ cแบฃm giรกc bรญ",1
768,1037874,73570874,"Khรดng thoรกt mแป hรดi, mแบทc nรณng vร khรณ chแปu.",4
769,15375293,73570874,Hฦกi thแบฅt vแปng nhฦฐng thoii kแป.,1
770,21877066,73570874,tuyแปt vแปi,2
771,7960713,73570874,"Hรng chแบฅt lฦฐแปฃng , khรดng cรณ gรฌ phแบฃi chรช",2
772,16087032,73570874,แปn,2
773,11315456,73570874,chแบฅt liแปu tแปt,1
774,15650776,73570874,Chแบฅt vแบฃi tแปt.,2
775,15650776,73570874,Chแบฅt vแบฃi tแปt,3
776,15650776,73570874,รo ฤแบนp !,4
777,16819671,73570874,"(*) ฤรกnh giรก khรดng tรญnh ฤiแปm\nShop giao hรng lรm sao mร ฤแบทt size lแปn mร shop lแบกi giao size nhแป, ฤแบทt mรu vรng bรฒ thรฌ giao mรu ฤแป gia khรดnh ฤรบng mรi khi ฤรฃ ฤแบทt",1
778,16819671,73570874,(*) ฤรกnh giรก khรดng tรญnh ฤiแปm\nฤแบทt mรu vรng bรฒ mร giao mรu ฤแป,2
779,16819671,73570874,(*) ฤรกnh giรก khรดng tรญnh ฤiแปm\nฤแบทt size XL mร nhรฌn cรกi รกo nhแป xรญ sao mแบทc,3
780,16819671,73570874,(*) ฤรกnh giรก khรดng tรญnh ฤiแปm\nฤแบทt รกo size XL mร gia cรกi รกo nhแป xรญ sao mแบทc,4
781,22340929,73570874,(*) ฤรกnh giรก khรดng tรญnh ฤiแปm\nNgฦฐแปi giao hรng thรกi ฤแป cแปฑc tแป. Ko xรi tiki nแปฏa,1
782,21121167,136173457,Cลฉng ฤc mร gแปญi รกo to quรก mรฌnh ko mแบทc ฤc,1
783,23887595,136173457,Khรดng giแปng QC. Dรน sao cho 2**,1
784,27195718,136173457,rแบฅt hรi lรฒng.chแบฅt liแปu vแบฃi tแปt.gแปญi hรnh nhanh,1
785,17445087,136173457,"size nhแป, mแบทc khรดng vแปซa, lรm giแบป lau nhร rแปi.",1
786,12259253,136173457,sแบฃn phแบฉm tแปt,1
787,13173699,77239444,"Chแบฅt lฦฐแปฃng sแบฃn phแบฉm tuyแปt vแปi luรดn, vแปi giรก nhฦฐ thแบฟ mร ฤฦฐแปฃc mแปt chiแบฟc รกo vรด cรนng ฦฐng รฝ luรดn, ฤรณng gรณi sแบฃn phแบฉm thรฌ rแบฅt kฤฉ, shop phแปฅc vแปฅ rแบฅt nhiแปt tรฌnh, giao hรng nhanh, shipper thรขn thiแปn...",1
788,18219404,77239444,"Chแบฅt vแบฃi hฦกi mแปng so vแปi tฦฐแปng tฦฐแปฃng cแปงa mรฌnh, nรณi chung thรฌ mua mแบทc mรนa hรจ hแปฃp",1
789,15512231,136157116,"ฤแบนp rแบป, lแบฅy แบฃnh tแบกm, vแปซa vแปi giรก sแบฝ tiแบฟp tแปฅc แปงng hแป shop.",1
790,27696219,136157116,Mรu sแบฏc ฤแบนp hแปฃp vแปi giรก tiแปn,1
791,24752522,136157116,รo bแป lแปi bung chแป may SP kรฉm - 10 ฤiแปm,1
792,1755682,136157116,Sแบฃn phแบฉm khรดng cรณ tรกc dแปฅng thoรกt khรญ hoแบทc thแบฅm hรบt mแป hรดi.,1
793,29360241,136157116,รo nรy in thรฌ tแปt แปงng hแป shop nhรฉ,1
794,21549520,136157116,ฤแบทt sai XL giao XXL. khรดng cรฒn hรng thรฌ ฤแปซng cรณ giao.,1
795,10747891,136157116,Shop lแปซa ฤแบฃo\r\nTreo ฤแบงu dรช bรกn thแปt chรณ,1
796,23887595,136157116,sแบฃn phแบฉm khรดng giแปng nhฦฐ mรฌnh hแปa.,1
797,17097952,136157116,Khรดng ฤรบng mแบซu. ฤรณng gรณi thรด sฦก nhiแปu bแปฅi bแบฉn,1
798,919662,136157116,chแบฅt vแบฃi trong tแบงm giรก. ฤฦฐแปng may ok k thแปซa chแป. lรชn dรกng แปn,1
799,6141105,136157116,"Khรดng thแป chแบฅp nhแบญn, shop bรกn hรng cแปง",1
800,27474833,136157116,Sแบฃn phแบฉm khรดng ฤรบng vแปi mแบซu mรฃ ฤฤng bรi .,1
801,19644191,136157116,Mรu vร chแบฅt liแปu khรดng giแปng lแบฏm,1
802,27893124,136157116,Vรฌ ฤแบนp,1
803,16504601,136157116,Ko hรi lรฒng vแป chแบฅt liแปu lแบฏm,1
804,27195718,136157116,rแบฅt hรi lรฒng.shop tฦฐ vแบฅn nhiแปt tรฌnh.gแปญi hรng nhanh,1
805,17445087,136157116,"size nhแป khรดng mแบทc ฤฦฐแปฃc, lรm giแบป lau bรn.",1
806,27391412,136157116,Chแบฅt mแปm mรฌnh chแปn sze hฦกi nhแป,1
807,27200040,136157116,Kรฉm chat luong ma giรก thi cao,1
808,18955957,136157116,"mแปi nhแบญn hรng, nhanh chรณng. chฦฐa thแปญ hรng nแปฏa",1
809,19353299,136157116,sแบฃn phแบฉm rแบฅt  tแปt,1
810,17849248,136157116,Bt,1
811,10889668,136157116,hรng quรก tแป mแปi ngฦฐแปi khรดng lรชn mua,1
812,5305839,136157116,hรi lรฒng,1
813,10031818,136157116,ok,1
814,12259253,136157116,sแบฃn phแบฉm tแปt,1
815,7626678,136157116,ฤแบนp form chuแบฉn,1
816,7626678,136157116,ฤแบนp form chuแบฉn,2
817,18337054,136157116,ok,1
818,7992261,136157116,tแบกm dc,1
819,9693265,136157116,ฤep,1
820,27298124,136157116,ฤแบนp,1
821,20023415,136157116,xxl mร nhแป quรก mแบทc k vแปซa,1
822,19414356,136157116,ok.ok,1
823,1297280,136157116,ฤรบng nhฦฐ mรด tแบฃ,1
824,12179575,160883217,"Rแบฅt thรญch thฦฐฦกng hiแปu Goking, rแบฅt nhiแปu mแบซu in ฤแบนp vร รฝ nghฤฉa. รo cotton mแบทc mรกt.",1
825,11995948,172281846,"Mua cแปงa Goking rแบฅt nhiแปu lแบงn rแปi. รo mแบทc mรกt, hรฌnh in rรต khรดng dรญnh. ฤรณng gรณi ฤแบนp,",1
826,11995983,172281846,"tรดi ฤรฃ mua mแบฅy lแบงn bรชn shop rแปi, tแปซ lรบc chฦฐa cรณ รกo in, thรดng sแป chuแบฉn, mแบทt mรกt.",1
827,11995883,172281846,"cแบงm cรกi รกo lรชn lร ฦฐng liแปn, hรฌnh in sแบฏc nรฉt, giao hรng thรขn thiแปn.",1
828,12179820,10922941,"mรฌnh cรณ test xem sao thรฌ thแบฅy vแบฃi thแบฅm hรบt tแปt, mรฌnh hoแบกt ฤแปng nhiแปu nรชn cแบงn lแบฏm nhแปฏng รกo nhฦฐ shop bรกn, giรก cแบฃ hแปฃp lรฝ, giao hรng nhanh",1
829,12179147,10785741,"ฤรฃ nhแบญn ฤฦฐแปฃc hรng shop. Cแบฃm nhแบญn khi mแบทc lร mแบทc mแปm dแป chแปu , khi chฦกi thแป thao thแบฅm hรบt mแป hรดi tแปt , khรกng khuแบฉn khรดng bแป mรนi hรดi. Mua แปงng hแป thรชm shop 2 cรกi nแปฏa ฤแป mแบทc thay ฤแปi.",1
830,11995613,10785741,"hรi lรฒng lแบฏm shop, mua 2 cรกi ba lแป cho chแปng mร แปng thรญch quรก chแปซng.",1
831,12179820,10785741,"รกo may kแปน, chแบฅt lฦฐแปฃng แปn, sแบฝ แปงng hแป thรชm รกo khรกc bรชn shop",1
832,11995686,10785741,"Cรกm ฦกn shop ฤรฃ ฤรดi size giรบp, rแบฅt nhanh. Ba mรฌnh rแบฅt thรญch mแบทc รกo cแปงa shop.",1
833,11995948,10785741,"รกo form dรกng ฤแบนp, giแบทc khรดng bแป nhรฃo, mแบทc tแบญp thแป dแปฅc thรญch lแบฏm, shop giao hรng nhanh, phแปฅc vแปฅ chu ฤรกo",1
834,11995883,10785741,"รกo 3 lแป bรชn shop mแบทc mรกt thแบญt แบฅy, mร shop ra thรชm mรu ฤi shop ฦกi chแปฉ cรณ 2 mรu mรฌnh thแบฅy รญt",1
835,12179575,164310055,"khรก ok, giรก cแบฃ phรน hแปฃp chแบฅt lฦฐแปฃng",1
836,12179575,164251651,"Rแบฅt thรญch thฦฐฦกng hiแปu Goking, rแบฅt nhiแปu mแบซu in ฤแบนp vร รฝ nghฤฉa. รo phรดng cotton mแบทc mรกt.",1
837,18220833,76438775,"รกo mแบทt mรกt,thoแบฃi mรกi",1
838,18329982,22774390,"Vแบฃi dรy, tแปt so vแปi tแบงm giรก",1
839,20149396,53135977,hรng ฤแบนp giao nhanh โค,1
840,761756,207765359,ฤแบนp,1
841,19353299,83158705,hรng rแบฅt ฤแบนp nฤm mแปi vแบฝ ๐,1
842,24899721,107420141,ฤแบนpppp bรฉ bแบญn xin lรฉm,1
843,24899721,107420141,ฤแบนp lแบฏmmm luรดnnn nรชn mua nha,2
844,16540374,68027471,"Hรฌnh แบฃnh k liรชn quan. ฤรฃ mua hรng cแปงa shop 1 lแบงn ฤรฃ ฦฐng rแปi nรชn lแบงn nรy mua cลฉng k lรm mรฌnh thแบฅt vแปng. Chแบฅt mรกt , mแปm mแปn. Mong shop cรณ nhiแปu sแบฃn phแบฉm hฦกn nแปฏa. Cแบฃm ฦกn tiki ฤรฃ k lรm mรฌnh thแบฅt vแปng",1
845,11995983,172910320,"Sแบฃn phแบฉm rแบฅt chแบฅt lฦฐแปฃng, ฤรณng gรณi kiแปu Nhแบญt Bแบฃn ฤแบนp. รo mแบทc mรกt vร thแบฅm hรบt mแป hรดi tรดt.",1
846,11995983,164550568,"cแบฃm nhแบญn ฤแบงu tiรชn cแปงa tรดi lร bao bรฌ ฤแบนp, shop in ฤรกm cฦฐแปi chuแปt rแบฅt vn, chแบฅt lฦฐแปฃng รกo thรฌ chฦฐa biแบฟt thแบฟ nรo, nhฦฐng tแบกm thแปi cho 5 sao, hรi lรฒng.",1
847,11995983,172908253,"รo cแป trรฒn cแปงa Goking ฤรบng chแบฅt 100% cotton, mแบทc mรกt vร thoแบฃi mรกi. Hรฌnh in cute dแป thฦฐฦกng.",1
848,11995948,164551063,"Dรน ฤรดi chแป cรฒn may chฦฐa ฤแบนp lแบฏm nhฦฐng ฤฦฐแปฃc cรกi vแบฃi rแบฅt ฤแบนp, hรฌnh in ฤแบนp rแบฅt hแปฃp vแปi รกo nรชn cลฉng hรi lรฒng, mua cรกi nรy lร cรกi thแปฉ 3 rแปi shop",1
849,11995948,164550314,"bแปฏa chฦกi vui quรก mร quรชn chแปฅp แบฃnh feedback vแป cho shop rแปi, รกo ฤแบนp khรดng cรณ gรฌ phแบฃi chรช.",1
850,10928682,91848059,"hรng nhฦฐ hรฌnh, แปng hฦกi rแปng",1
851,615923,91848059,"Vแบฃi mแปm, form ฤแบนp",1
852,26825207,42424755,"Chแบฅt ok, mแบทc chแบฏc แบฅm",1
853,18220338,29115771,"giao hรng nhanh ฤรณng gรณi cแบฉn thแบญn, chแบฅt lฦฐแปฃng sแบฃn phแบฉm tแปt chแบฅt lฦฐฦกngk sแบฃn phแบฉm tแปt quแบงn ฤแบนp",1
854,18220530,29115771,Chแบฅt lฦฐแปฃng sแบฃn phแบฉm tuyแปt vแปi.\nShop giao hรng nhanh.\nฤรณng gรณi cแบฉn thแบญn.,1
855,18220212,29115771,"Quแบงn ฤแบนp, vแปซa in, rแบฅt chแบฅt lฦฐแปฃng, nรชn mua nhรฉ mแปi ngฦฐแปi ฦกiiiiii",1
856,18219404,29115771,"รo rแบฅt ฤแบนp nha, rแบฅt ฤรกng tiแปn, shop giao hรng nhanh, bajshsdvdbd",1
857,18220833,29115771,Chแบฅt lฦฐแปฃng sแบฃn phแบฉm tแปt\nSแบฝ tiแบฟp tแปฅc แปงng hแป shop.,1
858,18220952,29115771,"Giao hรng rแบฅt nhanh. Sแบฃn phแบฉm nhฦฐ hรฌnh, chแบฅt vแบฃi tแปt",1
859,18219819,29115771,Vแบฃi dรy dแบทn. ฤฦฐแปng may ฤแบนp. Mแบทc bao แบฅm nha,1
860,18220427,29115771,Quแบงn khรก tแปt. Mแบทc ฤc mรนa thu,1
861,1107086,29115771,Chแบฅt lฦฐแปฃng quรก tแป. Khรดng dรนng ฤฦฐแปฃc,1
862,18220833,29115771,sแบฃn phแบฉm ok,2
863,13452725,29115771,"rรกch vแบฃi , lem mรu , แป vแบฃi ko ฤรกng mua.",1
864,12259253,29115771,ok,1
865,15784357,82528875,shop kinh doanh nhฦฐ bแป phim hรi,1
866,15784357,82528875,shop kinh doanh nhฦฐ bแป phim hรi,2
867,12124719,111972654,Sแบฃn phแบฉm ฤฦฐแปฃc gแปญi khรดng ฤรบng size khรกch hรng order,1
868,615923,67488235,"Vแบฃi dรy, form ฤแบนp",1
869,1716332,67488235,tu van nhiet tinh,1
870,7875340,67488235,Quแบงn cแปฑc ฤแบนp,1
871,19763001,6982965,hfey,1
872,24366744,85256178,vแบฃi kรฉm chแบฅt lฦฐแปฃng giao muแปn,1
873,13452725,73744766,"giao ฤรบng mรu , giao hรng nhanh , chแบฅt lฦฐแปฃng tuyแปt vแปi . vแบฃi giรฃn 4 chiแปu rแบฅt thoแบฃi mรกi . rแบฅt ฤรกng giรก tiแปn.",1
874,20571389,73744766,sp ok,1
875,10143016,102086317,"Chแบฅt lฦฐแปฃng tแปt, phรน hแปฃp giรก tiแปn, ฤรณng gรณi cแบฉn thแบญn, giao hรng nhanh.",1
876,10143016,102086317,Tแปt!,2
877,11804431,14678664,Ko nhฦฐ mong ฤแปฃi quแบงn xแบฅu vร chแบฅt vแบฃi cลฉng xแบฅu,1
878,615923,114193983,Hรng ฤแบนp nhฦฐ hinh,1
879,1297280,72287083,"Shop bรกn ฤแป lแปซa ฤแบฃo, hรฌnh แบฃnh sแบฃn phแบฉm vร hรng thแปฑc tแบฟ khรกc nhau mแปt trแปi mแปt vแปฑc ๐คฌ๐คฌ๐คฌ๐คฌ๐คฌ",1
880,20958490,72287083,phai mรu quรก tแบกm ฤk,1
881,15784357,21972366,giao hรng ฤรบng thแปi gian. mร tรบi hแปp tui ฤรขu ? shop giao nhแบงm sแบฃn phแบฉm. bแป qua phแบงn tรบi hแปp thรฌ sแบฃn phแบฉm dc giao cลฉng khรก แปn mแปi tแปi khรก hแบกn chแบฟ  khรดng gian mang vแบญt dแปฅng theo,1
882,17526728,67656086,quแบงn mแบทc oke lแบฏm nha mแปi ngฦฐแปi,1
883,16378845,74404407,"Lแบงn ฤแบงu mua giao ฤรบng mรu,lแบงn thแปฉ hai mua Giao hรng khรดng ฤรบng mรu.khรดng biแบฟt sao ngฦฐแปi bรกn hรng chแป vแป 300k ฤรฃ mแบฏc uy tรญn rแปi.",1
884,13456,19782902,"Vแบฃi mแปm, mแบทc thoแบฃi mรกi. Ok",1
885,13456,26081106,"Vแบฃi mแปm, mแบทc thoแบฃi mรกi. Ok.",1
886,1110677,26485771,"ฤแบฏn ฤo lแบฏm mแปi quyแบฟt ฤแปnh mua mแบซu nรy, lรบc mแป ra xem thรฌ mแปi bแบฅt ngแป lร quแบงn quรก ฤแบนp, lแบงn ฤแบงu mรฌnh dรนng loแบกi cรณ khoรก kรฉo แป แปng bo, thรญch thแบญt. Vแป chแบฅt lฦฐแปฃng thรฌ vแบฃi ฤแปง dรy nhฦฐng khรดng thรด, sแป rแบฅt sฦฐแปng, hฦกi tiแบฟc lร tรบi quแบงn khรดng cรณ khoรก (ฤแป ฤiแปn thoแบกi mร leo trรจo hay nhแบฅc chรขn ngang hรดng dแป rฦกi ra ngoรi), tรบi rแปng nhฦฐng khรดng sรขu (tแบกm แปn). Tแปng quan ban ฤแบงu mรฌnh khรก ฦฐng mแบซu nรy cแปงa shop.\nTiki giao hรng sแปm hฦกn dแปฑ kiแบฟn 3 ngรy, cลฉng may lร lรบc giao mรฌnh cรฒn แป nhร :))). Chแบฅt lฦฐแปฃng dแปch vแปฅ cแปงa Tiki thรฌ khแปi phแบฃi bรn, nhanh vร chuyรชn nghiแปp",1
887,12083209,10576055,Vรฃi ฤแบนp !,1
888,7110825,196156173,"Quรก tuyแปt vแปi! Chแบฅt vแบฃi dรy dแบทn, mแบทc vแปซa inh luรดn. Phแบฃi mua thรชm vรi cรกi mแบทc trong tuแบงn! Cho 5 sao!",1
889,7937780,52288502,"Size S vร L giแปng nhau . Mua S vแป chแบญt tรญ, mua thรชm cรกi L vแป cลฉng giแปng S luรดn. ฤแปi thรฌ k dc",1
890,7937780,52288502,Size k chuแบฉn nรชn phแบฃi ฤแปฃi ฤแปi,2
891,12923088,35859476,"Tรดi khรดng mแบทc vแปซa dรน 54kg vร lแบฅy size XL, vui lรฒng ฤแปi cho tรดi quแบงn 2XL. Thanks",1
